,id,No,date,jingzhi,leiji,zhangfu,statusbuy,statussell,remark,day5,day10,day15,day20,day25
0,0,003567,2017-04-10,1.0045,1.0045,-0.67%,开放申购,开放赎回,,,,,,
1,1,003567,2017-04-07,1.0113,1.0113,-0.30%,开放申购,开放赎回,,,,,,
2,2,003567,2017-04-06,1.0143,1.0143,0.26%,开放申购,开放赎回,,,,,,
3,3,003567,2017-04-05,1.0117,1.0117,0.72%,开放申购,开放赎回,,,,,,
4,4,003567,2017-03-31,1.0045,1.0045,0.34%,开放申购,开放赎回,,,,,,
5,5,003567,2017-03-30,1.0011,1.0011,-0.43%,开放申购,开放赎回,,1.0045,,,,
6,6,003567,2017-03-29,1.0054,1.0054,-0.12%,开放申购,开放赎回,,1.0113,,,,
7,7,003567,2017-03-28,1.0066,1.0066,0.00%,开放申购,开放赎回,,1.0143,,,,
8,8,003567,2017-03-27,1.0066,1.0066,-0.45%,开放申购,开放赎回,,1.0117,,,,
9,9,003567,2017-03-24,1.0112,1.0112,0.16%,开放申购,开放赎回,,1.0045,,,,
10,10,003567,2017-03-23,1.0096,1.0096,0.02%,开放申购,开放赎回,,1.0011,1.0045,,,
11,11,003567,2017-03-22,1.0094,1.0094,-0.21%,开放申购,开放赎回,,1.0054,1.0113,,,
12,12,003567,2017-03-21,1.0115,1.0115,0.59%,开放申购,开放赎回,,1.0066,1.0143,,,
13,13,003567,2017-03-20,1.0056,1.0056,0.11%,开放申购,开放赎回,,1.0066,1.0117,,,
14,14,003567,2017-03-17,1.0045,1.0045,-0.04%,开放申购,开放赎回,,1.0112,1.0045,,,
15,15,003567,2017-03-16,1.0049,1.0049,-0.20%,开放申购,开放赎回,,1.0096,1.0011,1.0045,,
16,16,003567,2017-03-15,1.0069,1.0069,0.07%,开放申购,开放赎回,,1.0094,1.0054,1.0113,,
17,17,003567,2017-03-14,1.0062,1.0062,-0.38%,开放申购,开放赎回,,1.0115,1.0066,1.0143,,
18,18,003567,2017-03-13,1.01,1.01,0.14%,开放申购,开放赎回,,1.0056,1.0066,1.0117,,
19,19,003567,2017-03-10,1.0086,1.0086,0.12%,开放申购,开放赎回,,1.0045,1.0112,1.0045,,
20,20,003567,2017-03-09,1.0074,1.0074,,封闭期,封闭期,,1.0049,1.0096,1.0011,1.0045,
21,21,003567,2017-03-03,1.0082,1.0082,,封闭期,封闭期,,1.0069,1.0094,1.0054,1.0113,
22,22,003567,2017-02-24,1.0079,1.0079,,封闭期,封闭期,,1.0062,1.0115,1.0066,1.0143,
23,23,003567,2017-02-17,0.9983,0.9983,,封闭期,封闭期,,1.01,1.0056,1.0066,1.0117,
24,24,003567,2017-02-10,0.9999,0.9999,,封闭期,封闭期,,1.0086,1.0045,1.0112,1.0045,
25,25,003567,2017-02-04,1.0,1.0,,封闭期,封闭期,,1.0074,1.0049,1.0096,1.0011,1.0045
26,26,003567,2017-06-08,0.9857,0.9857,0.36%,开放申购,开放赎回,,1.0082,1.0069,1.0094,1.0054,1.0113
27,27,003567,2017-06-07,0.9822,0.9822,0.99%,开放申购,开放赎回,,1.0079,1.0062,1.0115,1.0066,1.0143
28,28,003567,2017-06-06,0.9726,0.9726,0.45%,开放申购,开放赎回,,0.9983,1.01,1.0056,1.0066,1.0117
29,29,003567,2017-06-05,0.9682,0.9682,0.22%,开放申购,开放赎回,,0.9999,1.0086,1.0045,1.0112,1.0045
30,30,003567,2017-06-02,0.9661,0.9661,-0.09%,开放申购,开放赎回,,1.0,1.0074,1.0049,1.0096,1.0011
31,31,003567,2017-06-01,0.967,0.967,-0.58%,开放申购,开放赎回,,0.9857,1.0082,1.0069,1.0094,1.0054
32,32,003567,2017-05-31,0.9726,0.9726,0.19%,开放申购,开放赎回,,0.9822,1.0079,1.0062,1.0115,1.0066
33,33,003567,2017-05-26,0.9708,0.9708,-0.08%,开放申购,开放赎回,,0.9726,0.9983,1.01,1.0056,1.0066
34,34,003567,2017-05-25,0.9716,0.9716,0.06%,开放申购,开放赎回,,0.9682,0.9999,1.0086,1.0045,1.0112
35,35,003567,2017-05-24,0.971,0.971,-0.01%,开放申购,开放赎回,,0.9661,1.0,1.0074,1.0049,1.0096
36,36,003567,2017-05-23,0.9711,0.9711,-0.37%,开放申购,开放赎回,,0.967,0.9857,1.0082,1.0069,1.0094
37,37,003567,2017-05-22,0.9747,0.9747,-0.27%,开放申购,开放赎回,,0.9726,0.9822,1.0079,1.0062,1.0115
38,38,003567,2017-05-19,0.9773,0.9773,0.11%,开放申购,开放赎回,,0.9708,0.9726,0.9983,1.01,1.0056
39,39,003567,2017-05-18,0.9762,0.9762,-0.02%,开放申购,开放赎回,,0.9716,0.9682,0.9999,1.0086,1.0045
40,40,003567,2017-05-17,0.9764,0.9764,-0.17%,开放申购,开放赎回,,0.971,0.9661,1.0,1.0074,1.0049
41,41,003567,2017-05-16,0.9781,0.9781,0.77%,开放申购,开放赎回,,0.9711,0.967,0.9857,1.0082,1.0069
42,42,003567,2017-05-15,0.9706,0.9706,0.38%,开放申购,开放赎回,,0.9747,0.9726,0.9822,1.0079,1.0062
43,43,003567,2017-05-12,0.9669,0.9669,0.09%,开放申购,开放赎回,,0.9773,0.9708,0.9726,0.9983,1.01
44,44,003567,2017-05-11,0.966,0.966,0.05%,开放申购,开放赎回,,0.9762,0.9716,0.9682,0.9999,1.0086
45,45,003567,2017-05-10,0.9655,0.9655,-0.46%,开放申购,开放赎回,,0.9764,0.971,0.9661,1.0,1.0074
46,46,003567,2017-05-09,0.97,0.97,0.07%,开放申购,开放赎回,,0.9781,0.9711,0.967,0.9857,1.0082
47,47,003567,2017-05-08,0.9693,0.9693,-0.55%,开放申购,开放赎回,,0.9706,0.9747,0.9726,0.9822,1.0079
48,48,003567,2017-05-05,0.9747,0.9747,-0.43%,开放申购,开放赎回,,0.9669,0.9773,0.9708,0.9726,0.9983
49,49,003567,2017-05-04,0.9789,0.9789,-0.31%,开放申购,开放赎回,,0.966,0.9762,0.9716,0.9682,0.9999
50,50,003567,2017-05-03,0.9819,0.9819,-0.30%,开放申购,开放赎回,,0.9655,0.9764,0.971,0.9661,1.0
51,51,003567,2017-05-02,0.9849,0.9849,-0.27%,开放申购,开放赎回,,0.97,0.9781,0.9711,0.967,0.9857
52,52,003567,2017-04-28,0.9876,0.9876,-0.65%,开放申购,开放赎回,,0.9693,0.9706,0.9747,0.9726,0.9822
53,53,003567,2017-04-27,0.9941,0.9941,0.53%,开放申购,开放赎回,,0.9747,0.9669,0.9773,0.9708,0.9726
54,54,003567,2017-04-26,0.9889,0.9889,-0.32%,开放申购,开放赎回,,0.9789,0.966,0.9762,0.9716,0.9682
55,55,003567,2017-04-25,0.9921,0.9921,-0.06%,开放申购,开放赎回,,0.9819,0.9655,0.9764,0.971,0.9661
56,56,003567,2017-04-24,0.9927,0.9927,-0.68%,开放申购,开放赎回,,0.9849,0.97,0.9781,0.9711,0.967
57,57,003567,2017-04-21,0.9995,0.9995,-0.86%,开放申购,开放赎回,,0.9876,0.9693,0.9706,0.9747,0.9726
58,58,003567,2017-04-20,1.0082,1.0082,0.41%,开放申购,开放赎回,,0.9941,0.9747,0.9669,0.9773,0.9708
59,59,003567,2017-04-19,1.0041,1.0041,0.06%,开放申购,开放赎回,,0.9889,0.9789,0.966,0.9762,0.9716
60,60,003567,2017-04-18,1.0035,1.0035,0.26%,开放申购,开放赎回,,0.9921,0.9819,0.9655,0.9764,0.971
61,61,003567,2017-04-17,1.0009,1.0009,0.06%,开放申购,开放赎回,,0.9927,0.9849,0.97,0.9781,0.9711
62,62,003567,2017-04-14,1.0003,1.0003,-0.57%,开放申购,开放赎回,,0.9995,0.9876,0.9693,0.9706,0.9747
63,63,003567,2017-04-13,1.006,1.006,0.29%,开放申购,开放赎回,,1.0082,0.9941,0.9747,0.9669,0.9773
64,64,003567,2017-04-12,1.0031,1.0031,-0.04%,开放申购,开放赎回,,1.0041,0.9889,0.9789,0.966,0.9762
65,65,003567,2017-04-11,1.0035,1.0035,-0.10%,开放申购,开放赎回,,1.0035,0.9921,0.9819,0.9655,0.9764
66,66,003567,2017-08-03,1.0135,1.0135,-0.40%,开放申购,开放赎回,,1.0009,0.9927,0.9849,0.97,0.9781
67,67,003567,2017-08-02,1.0176,1.0176,-0.44%,开放申购,开放赎回,,1.0003,0.9995,0.9876,0.9693,0.9706
68,68,003567,2017-08-01,1.0221,1.0221,0.27%,开放申购,开放赎回,,1.006,1.0082,0.9941,0.9747,0.9669
69,69,003567,2017-07-31,1.0193,1.0193,0.74%,开放申购,开放赎回,,1.0031,1.0041,0.9889,0.9789,0.966
70,70,003567,2017-07-28,1.0118,1.0118,0.47%,开放申购,开放赎回,,1.0035,1.0035,0.9921,0.9819,0.9655
71,71,003567,2017-07-27,1.0071,1.0071,0.48%,开放申购,开放赎回,,1.0135,1.0009,0.9927,0.9849,0.97
72,72,003567,2017-07-26,1.0023,1.0023,-0.66%,开放申购,开放赎回,,1.0176,1.0003,0.9995,0.9876,0.9693
73,73,003567,2017-07-25,1.009,1.009,-0.34%,开放申购,开放赎回,,1.0221,1.006,1.0082,0.9941,0.9747
74,74,003567,2017-07-24,1.0124,1.0124,0.35%,开放申购,开放赎回,,1.0193,1.0031,1.0041,0.9889,0.9789
75,75,003567,2017-07-21,1.0089,1.0089,0.21%,开放申购,开放赎回,,1.0118,1.0035,1.0035,0.9921,0.9819
76,76,003567,2017-07-20,1.0068,1.0068,0.10%,开放申购,开放赎回,,1.0071,1.0135,1.0009,0.9927,0.9849
77,77,003567,2017-07-19,1.0058,1.0058,0.92%,开放申购,开放赎回,,1.0023,1.0176,1.0003,0.9995,0.9876
78,78,003567,2017-07-18,0.9966,0.9966,0.44%,开放申购,开放赎回,,1.009,1.0221,1.006,1.0082,0.9941
79,79,003567,2017-07-17,0.9922,0.9922,-1.44%,开放申购,开放赎回,,1.0124,1.0193,1.0031,1.0041,0.9889
80,80,003567,2017-07-14,1.0067,1.0067,0.32%,开放申购,开放赎回,,1.0089,1.0118,1.0035,1.0035,0.9921
81,81,003567,2017-07-13,1.0035,1.0035,0.21%,开放申购,开放赎回,,1.0068,1.0071,1.0135,1.0009,0.9927
82,82,003567,2017-07-12,1.0014,1.0014,-0.15%,开放申购,开放赎回,,1.0058,1.0023,1.0176,1.0003,0.9995
83,83,003567,2017-07-11,1.0029,1.0029,-0.44%,开放申购,开放赎回,,0.9966,1.009,1.0221,1.006,1.0082
84,84,003567,2017-07-10,1.0073,1.0073,-0.28%,开放申购,开放赎回,,0.9922,1.0124,1.0193,1.0031,1.0041
85,85,003567,2017-07-07,1.0101,1.0101,0.04%,开放申购,开放赎回,,1.0067,1.0089,1.0118,1.0035,1.0035
86,86,003567,2017-07-06,1.0097,1.0097,0.26%,开放申购,开放赎回,,1.0035,1.0068,1.0071,1.0135,1.0009
87,87,003567,2017-07-05,1.0071,1.0071,0.50%,开放申购,开放赎回,,1.0014,1.0058,1.0023,1.0176,1.0003
88,88,003567,2017-07-04,1.0021,1.0021,-0.46%,开放申购,开放赎回,,1.0029,0.9966,1.009,1.0221,1.006
89,89,003567,2017-07-03,1.0067,1.0067,0.39%,开放申购,开放赎回,,1.0073,0.9922,1.0124,1.0193,1.0031
90,90,003567,2017-06-30,1.0028,1.0028,0.21%,开放申购,开放赎回,,1.0101,1.0067,1.0089,1.0118,1.0035
91,91,003567,2017-06-29,1.0007,1.0007,0.36%,开放申购,开放赎回,,1.0097,1.0035,1.0068,1.0071,1.0135
92,92,003567,2017-06-28,0.9971,0.9971,-0.43%,开放申购,开放赎回,,1.0071,1.0014,1.0058,1.0023,1.0176
93,93,003567,2017-06-27,1.0014,1.0014,-0.12%,开放申购,开放赎回,,1.0021,1.0029,0.9966,1.009,1.0221
94,94,003567,2017-06-26,1.0026,1.0026,1.36%,开放申购,开放赎回,,1.0067,1.0073,0.9922,1.0124,1.0193
95,95,003567,2017-06-23,0.9891,0.9891,0.04%,开放申购,开放赎回,,1.0028,1.0101,1.0067,1.0089,1.0118
96,96,003567,2017-06-22,0.9887,0.9887,-0.45%,开放申购,开放赎回,,1.0007,1.0097,1.0035,1.0068,1.0071
97,97,003567,2017-06-21,0.9932,0.9932,0.22%,开放申购,开放赎回,,0.9971,1.0071,1.0014,1.0058,1.0023
98,98,003567,2017-06-20,0.991,0.991,-0.01%,开放申购,开放赎回,,1.0014,1.0021,1.0029,0.9966,1.009
99,99,003567,2017-06-19,0.9911,0.9911,0.20%,开放申购,开放赎回,,1.0026,1.0067,1.0073,0.9922,1.0124
100,100,003567,2017-06-16,0.9891,0.9891,-0.25%,开放申购,开放赎回,,0.9891,1.0028,1.0101,1.0067,1.0089
101,101,003567,2017-06-15,0.9916,0.9916,0.41%,开放申购,开放赎回,,0.9887,1.0007,1.0097,1.0035,1.0068
102,102,003567,2017-06-14,0.9876,0.9876,-0.34%,开放申购,开放赎回,,0.9932,0.9971,1.0071,1.0014,1.0058
103,103,003567,2017-06-13,0.991,0.991,0.45%,开放申购,开放赎回,,0.991,1.0014,1.0021,1.0029,0.9966
104,104,003567,2017-06-12,0.9866,0.9866,-0.22%,开放申购,开放赎回,,0.9911,1.0026,1.0067,1.0073,0.9922
105,105,003567,2017-06-09,0.9888,0.9888,0.31%,开放申购,开放赎回,,0.9891,0.9891,1.0028,1.0101,1.0067
106,106,003567,2017-09-28,1.0442,1.0442,0.55%,开放申购,开放赎回,,0.9916,0.9887,1.0007,1.0097,1.0035
107,107,003567,2017-09-27,1.0385,1.0385,-0.15%,开放申购,开放赎回,,0.9876,0.9932,0.9971,1.0071,1.0014
108,108,003567,2017-09-26,1.0401,1.0401,-0.13%,开放申购,开放赎回,,0.991,0.991,1.0014,1.0021,1.0029
109,109,003567,2017-09-25,1.0415,1.0415,-0.61%,开放申购,开放赎回,,0.9866,0.9911,1.0026,1.0067,1.0073
110,110,003567,2017-09-22,1.0479,1.0479,-0.01%,开放申购,开放赎回,,0.9888,0.9891,0.9891,1.0028,1.0101
111,111,003567,2017-09-21,1.048,1.048,-0.08%,开放申购,开放赎回,,1.0442,0.9916,0.9887,1.0007,1.0097
112,112,003567,2017-09-20,1.0488,1.0488,0.13%,开放申购,开放赎回,,1.0385,0.9876,0.9932,0.9971,1.0071
113,113,003567,2017-09-19,1.0474,1.0474,-0.45%,开放申购,开放赎回,,1.0401,0.991,0.991,1.0014,1.0021
114,114,003567,2017-09-18,1.0521,1.0521,0.83%,开放申购,开放赎回,,1.0415,0.9866,0.9911,1.0026,1.0067
115,115,003567,2017-09-15,1.0434,1.0434,-0.17%,开放申购,开放赎回,,1.0479,0.9888,0.9891,0.9891,1.0028
116,116,003567,2017-09-14,1.0452,1.0452,0.13%,开放申购,开放赎回,,1.048,1.0442,0.9916,0.9887,1.0007
117,117,003567,2017-09-13,1.0438,1.0438,0.06%,开放申购,开放赎回,,1.0488,1.0385,0.9876,0.9932,0.9971
118,118,003567,2017-09-12,1.0432,1.0432,0.51%,开放申购,开放赎回,,1.0474,1.0401,0.991,0.991,1.0014
119,119,003567,2017-09-11,1.0379,1.0379,0.40%,开放申购,开放赎回,,1.0521,1.0415,0.9866,0.9911,1.0026
120,120,003567,2017-09-08,1.0338,1.0338,0.10%,开放申购,开放赎回,,1.0434,1.0479,0.9888,0.9891,0.9891
121,121,003567,2017-09-07,1.0328,1.0328,-0.56%,开放申购,开放赎回,,1.0452,1.048,1.0442,0.9916,0.9887
122,122,003567,2017-09-06,1.0386,1.0386,-0.36%,开放申购,开放赎回,,1.0438,1.0488,1.0385,0.9876,0.9932
123,123,003567,2017-09-05,1.0424,1.0424,-0.16%,开放申购,开放赎回,,1.0432,1.0474,1.0401,0.991,0.991
124,124,003567,2017-09-04,1.0441,1.0441,0.66%,开放申购,开放赎回,,1.0379,1.0521,1.0415,0.9866,0.9911
125,125,003567,2017-09-01,1.0373,1.0373,0.29%,开放申购,开放赎回,,1.0338,1.0434,1.0479,0.9888,0.9891
126,126,003567,2017-08-31,1.0343,1.0343,-0.17%,开放申购,开放赎回,,1.0328,1.0452,1.048,1.0442,0.9916
127,127,003567,2017-08-30,1.0361,1.0361,0.08%,开放申购,开放赎回,,1.0386,1.0438,1.0488,1.0385,0.9876
128,128,003567,2017-08-29,1.0353,1.0353,0.02%,开放申购,开放赎回,,1.0424,1.0432,1.0474,1.0401,0.991
129,129,003567,2017-08-28,1.0351,1.0351,0.78%,开放申购,开放赎回,,1.0441,1.0379,1.0521,1.0415,0.9866
130,130,003567,2017-08-25,1.0271,1.0271,0.72%,开放申购,开放赎回,,1.0373,1.0338,1.0434,1.0479,0.9888
131,131,003567,2017-08-24,1.0198,1.0198,-0.46%,开放申购,开放赎回,,1.0343,1.0328,1.0452,1.048,1.0442
132,132,003567,2017-08-23,1.0245,1.0245,-0.25%,开放申购,开放赎回,,1.0361,1.0386,1.0438,1.0488,1.0385
133,133,003567,2017-08-22,1.0271,1.0271,-0.18%,开放申购,开放赎回,,1.0353,1.0424,1.0432,1.0474,1.0401
134,134,003567,2017-08-21,1.029,1.029,0.69%,开放申购,开放赎回,,1.0351,1.0441,1.0379,1.0521,1.0415
135,135,003567,2017-08-18,1.0219,1.0219,-0.18%,开放申购,开放赎回,,1.0271,1.0373,1.0338,1.0434,1.0479
136,136,003567,2017-08-17,1.0237,1.0237,0.23%,开放申购,开放赎回,,1.0198,1.0343,1.0328,1.0452,1.048
137,137,003567,2017-08-16,1.0214,1.0214,0.12%,开放申购,开放赎回,,1.0245,1.0361,1.0386,1.0438,1.0488
138,138,003567,2017-08-15,1.0202,1.0202,0.01%,开放申购,开放赎回,,1.0271,1.0353,1.0424,1.0432,1.0474
139,139,003567,2017-08-14,1.0201,1.0201,1.40%,开放申购,开放赎回,,1.029,1.0351,1.0441,1.0379,1.0521
140,140,003567,2017-08-11,1.006,1.006,-1.27%,开放申购,开放赎回,,1.0219,1.0271,1.0373,1.0338,1.0434
141,141,003567,2017-08-10,1.0189,1.0189,-0.18%,开放申购,开放赎回,,1.0237,1.0198,1.0343,1.0328,1.0452
142,142,003567,2017-08-09,1.0207,1.0207,0.20%,开放申购,开放赎回,,1.0214,1.0245,1.0361,1.0386,1.0438
143,143,003567,2017-08-08,1.0187,1.0187,-0.08%,开放申购,开放赎回,,1.0202,1.0271,1.0353,1.0424,1.0432
144,144,003567,2017-08-07,1.0195,1.0195,0.70%,开放申购,开放赎回,,1.0201,1.029,1.0351,1.0441,1.0379
145,145,003567,2017-08-04,1.0124,1.0124,-0.11%,开放申购,开放赎回,,1.006,1.0219,1.0271,1.0373,1.0338
146,146,003567,2017-11-30,1.0708,1.0708,-0.55%,开放申购,开放赎回,,1.0189,1.0237,1.0198,1.0343,1.0328
147,147,003567,2017-11-29,1.0767,1.0767,-0.55%,开放申购,开放赎回,,1.0207,1.0214,1.0245,1.0361,1.0386
148,148,003567,2017-11-28,1.0826,1.0826,0.20%,开放申购,开放赎回,,1.0187,1.0202,1.0271,1.0353,1.0424
149,149,003567,2017-11-27,1.0804,1.0804,-1.32%,开放申购,开放赎回,,1.0195,1.0201,1.029,1.0351,1.0441
150,150,003567,2017-11-24,1.0948,1.0948,-0.02%,开放申购,开放赎回,,1.0124,1.006,1.0219,1.0271,1.0373
151,151,003567,2017-11-23,1.095,1.095,-2.80%,开放申购,开放赎回,,1.0708,1.0189,1.0237,1.0198,1.0343
152,152,003567,2017-11-22,1.1265,1.1265,-0.52%,开放申购,开放赎回,,1.0767,1.0207,1.0214,1.0245,1.0361
153,153,003567,2017-11-21,1.1324,1.1324,0.68%,开放申购,开放赎回,,1.0826,1.0187,1.0202,1.0271,1.0353
154,154,003567,2017-11-20,1.1247,1.1247,1.04%,开放申购,开放赎回,,1.0804,1.0195,1.0201,1.029,1.0351
155,155,003567,2017-11-17,1.1131,1.1131,-0.69%,开放申购,开放赎回,,1.0948,1.0124,1.006,1.0219,1.0271
156,156,003567,2017-11-16,1.1208,1.1208,0.66%,开放申购,开放赎回,,1.095,1.0708,1.0189,1.0237,1.0198
157,157,003567,2017-11-15,1.1135,1.1135,-0.51%,开放申购,开放赎回,,1.1265,1.0767,1.0207,1.0214,1.0245
158,158,003567,2017-11-14,1.1192,1.1192,-1.35%,开放申购,开放赎回,,1.1324,1.0826,1.0187,1.0202,1.0271
159,159,003567,2017-11-13,1.1345,1.1345,0.28%,开放申购,开放赎回,,1.1247,1.0804,1.0195,1.0201,1.029
160,160,003567,2017-11-10,1.1313,1.1313,2.08%,开放申购,开放赎回,,1.1131,1.0948,1.0124,1.006,1.0219
161,161,003567,2017-11-09,1.1083,1.1083,0.24%,开放申购,开放赎回,,1.1208,1.095,1.0708,1.0189,1.0237
162,162,003567,2017-11-08,1.1057,1.1057,0.05%,开放申购,开放赎回,,1.1135,1.1265,1.0767,1.0207,1.0214
163,163,003567,2017-11-07,1.1051,1.1051,0.12%,开放申购,开放赎回,,1.1192,1.1324,1.0826,1.0187,1.0202
164,164,003567,2017-11-06,1.1038,1.1038,1.64%,开放申购,开放赎回,,1.1345,1.1247,1.0804,1.0195,1.0201
165,165,003567,2017-11-03,1.086,1.086,-0.06%,开放申购,开放赎回,,1.1313,1.1131,1.0948,1.0124,1.006
166,166,003567,2017-11-02,1.0867,1.0867,-0.51%,开放申购,开放赎回,,1.1083,1.1208,1.095,1.0708,1.0189
167,167,003567,2017-11-01,1.0923,1.0923,-0.89%,开放申购,开放赎回,,1.1057,1.1135,1.1265,1.0767,1.0207
168,168,003567,2017-10-31,1.1021,1.1021,-0.44%,开放申购,开放赎回,,1.1051,1.1192,1.1324,1.0826,1.0187
169,169,003567,2017-10-30,1.107,1.107,-0.65%,开放申购,开放赎回,,1.1038,1.1345,1.1247,1.0804,1.0195
170,170,003567,2017-10-27,1.1142,1.1142,0.72%,开放申购,开放赎回,,1.086,1.1313,1.1131,1.0948,1.0124
171,171,003567,2017-10-26,1.1062,1.1062,0.08%,开放申购,开放赎回,,1.0867,1.1083,1.1208,1.095,1.0708
172,172,003567,2017-10-25,1.1053,1.1053,0.77%,开放申购,开放赎回,,1.0923,1.1057,1.1135,1.1265,1.0767
173,173,003567,2017-10-24,1.0969,1.0969,-0.22%,开放申购,开放赎回,,1.1021,1.1051,1.1192,1.1324,1.0826
174,174,003567,2017-10-23,1.0993,1.0993,1.13%,开放申购,开放赎回,,1.107,1.1038,1.1345,1.1247,1.0804
175,175,003567,2017-10-20,1.087,1.087,-0.02%,开放申购,开放赎回,,1.1142,1.086,1.1313,1.1131,1.0948
176,176,003567,2017-10-19,1.0872,1.0872,-0.29%,开放申购,开放赎回,,1.1062,1.0867,1.1083,1.1208,1.095
177,177,003567,2017-10-18,1.0904,1.0904,0.65%,开放申购,开放赎回,,1.1053,1.0923,1.1057,1.1135,1.1265
178,178,003567,2017-10-17,1.0834,1.0834,0.53%,开放申购,开放赎回,,1.0969,1.1021,1.1051,1.1192,1.1324
179,179,003567,2017-10-16,1.0777,1.0777,-0.33%,开放申购,开放赎回,,1.0993,1.107,1.1038,1.1345,1.1247
180,180,003567,2017-10-13,1.0813,1.0813,0.55%,开放申购,开放赎回,,1.087,1.1142,1.086,1.1313,1.1131
181,181,003567,2017-10-12,1.0754,1.0754,0.07%,开放申购,开放赎回,,1.0872,1.1062,1.0867,1.1083,1.1208
182,182,003567,2017-10-11,1.0746,1.0746,0.51%,开放申购,开放赎回,,1.0904,1.1053,1.0923,1.1057,1.1135
183,183,003567,2017-10-10,1.0692,1.0692,0.90%,开放申购,开放赎回,,1.0834,1.0969,1.1021,1.1051,1.1192
184,184,003567,2017-10-09,1.0597,1.0597,1.17%,开放申购,开放赎回,,1.0777,1.0993,1.107,1.1038,1.1345
185,185,003567,2017-09-29,1.0474,1.0474,0.31%,开放申购,开放赎回,,1.0813,1.087,1.1142,1.086,1.1313
186,186,003567,2018-01-25,1.1653,1.1653,-0.11%,开放申购,开放赎回,,1.0754,1.0872,1.1062,1.0867,1.1083
187,187,003567,2018-01-24,1.1666,1.1666,0.21%,开放申购,开放赎回,,1.0746,1.0904,1.1053,1.0923,1.1057
188,188,003567,2018-01-23,1.1641,1.1641,0.56%,开放申购,开放赎回,,1.0692,1.0834,1.0969,1.1021,1.1051
189,189,003567,2018-01-22,1.1576,1.1576,1.46%,开放申购,开放赎回,,1.0597,1.0777,1.0993,1.107,1.1038
190,190,003567,2018-01-19,1.1409,1.1409,0.35%,开放申购,开放赎回,,1.0474,1.0813,1.087,1.1142,1.086
191,191,003567,2018-01-18,1.1369,1.1369,1.21%,开放申购,开放赎回,,1.1653,1.0754,1.0872,1.1062,1.0867
192,192,003567,2018-01-17,1.1233,1.1233,-1.92%,开放申购,开放赎回,,1.1666,1.0746,1.0904,1.1053,1.0923
193,193,003567,2018-01-16,1.1453,1.1453,0.69%,开放申购,开放赎回,,1.1641,1.0692,1.0834,1.0969,1.1021
194,194,003567,2018-01-15,1.1375,1.1375,-1.08%,开放申购,开放赎回,,1.1576,1.0597,1.0777,1.0993,1.107
195,195,003567,2018-01-12,1.1499,1.1499,0.11%,开放申购,开放赎回,,1.1409,1.0474,1.0813,1.087,1.1142
196,196,003567,2018-01-11,1.1486,1.1486,0.03%,开放申购,开放赎回,,1.1369,1.1653,1.0754,1.0872,1.1062
197,197,003567,2018-01-10,1.1483,1.1483,-0.02%,开放申购,开放赎回,,1.1233,1.1666,1.0746,1.0904,1.1053
198,198,003567,2018-01-09,1.1485,1.1485,0.03%,开放申购,开放赎回,,1.1453,1.1641,1.0692,1.0834,1.0969
199,199,003567,2018-01-08,1.1481,1.1481,0.78%,开放申购,开放赎回,,1.1375,1.1576,1.0597,1.0777,1.0993
200,200,003567,2018-01-05,1.1392,1.1392,0.21%,开放申购,开放赎回,,1.1499,1.1409,1.0474,1.0813,1.087
201,201,003567,2018-01-04,1.1368,1.1368,0.69%,开放申购,开放赎回,,1.1486,1.1369,1.1653,1.0754,1.0872
202,202,003567,2018-01-03,1.129,1.129,0.28%,开放申购,开放赎回,,1.1483,1.1233,1.1666,1.0746,1.0904
203,203,003567,2018-01-02,1.1259,1.1259,1.06%,开放申购,开放赎回,,1.1485,1.1453,1.1641,1.0692,1.0834
204,204,003567,2017-12-31,1.114,1.114,,开放申购,开放赎回,,1.1481,1.1375,1.1576,1.0597,1.0777
205,205,003567,2017-12-29,1.1141,1.1141,0.47%,开放申购,开放赎回,,1.1392,1.1499,1.1409,1.0474,1.0813
206,206,003567,2017-12-28,1.1089,1.1089,0.93%,开放申购,开放赎回,,1.1368,1.1486,1.1369,1.1653,1.0754
207,207,003567,2017-12-27,1.0987,1.0987,-1.56%,开放申购,开放赎回,,1.129,1.1483,1.1233,1.1666,1.0746
208,208,003567,2017-12-26,1.1161,1.1161,0.19%,开放申购,开放赎回,,1.1259,1.1485,1.1453,1.1641,1.0692
209,209,003567,2017-12-25,1.114,1.114,0.02%,开放申购,开放赎回,,1.114,1.1481,1.1375,1.1576,1.0597
210,210,003567,2017-12-22,1.1138,1.1138,-0.15%,开放申购,开放赎回,,1.1141,1.1392,1.1499,1.1409,1.0474
211,211,003567,2017-12-21,1.1155,1.1155,0.84%,开放申购,开放赎回,,1.1089,1.1368,1.1486,1.1369,1.1653
212,212,003567,2017-12-20,1.1062,1.1062,0.55%,开放申购,开放赎回,,1.0987,1.129,1.1483,1.1233,1.1666
213,213,003567,2017-12-19,1.1002,1.1002,0.99%,开放申购,开放赎回,,1.1161,1.1259,1.1485,1.1453,1.1641
214,214,003567,2017-12-18,1.0894,1.0894,0.17%,开放申购,开放赎回,,1.114,1.114,1.1481,1.1375,1.1576
215,215,003567,2017-12-15,1.0875,1.0875,-0.69%,开放申购,开放赎回,,1.1138,1.1141,1.1392,1.1499,1.1409
216,216,003567,2017-12-14,1.0951,1.0951,0.15%,开放申购,开放赎回,,1.1155,1.1089,1.1368,1.1486,1.1369
217,217,003567,2017-12-13,1.0935,1.0935,1.17%,开放申购,开放赎回,,1.1062,1.0987,1.129,1.1483,1.1233
218,218,003567,2017-12-12,1.0809,1.0809,-0.55%,开放申购,开放赎回,,1.1002,1.1161,1.1259,1.1485,1.1453
219,219,003567,2017-12-11,1.0869,1.0869,1.85%,开放申购,开放赎回,,1.0894,1.114,1.114,1.1481,1.1375
220,220,003567,2017-12-08,1.0672,1.0672,0.31%,开放申购,开放赎回,,1.0875,1.1138,1.1141,1.1392,1.1499
221,221,003567,2017-12-07,1.0639,1.0639,-1.18%,开放申购,开放赎回,,1.0951,1.1155,1.1089,1.1368,1.1486
222,222,003567,2017-12-06,1.0766,1.0766,-0.42%,开放申购,开放赎回,,1.0935,1.1062,1.0987,1.129,1.1483
223,223,003567,2017-12-05,1.0811,1.0811,0.09%,开放申购,开放赎回,,1.0809,1.1002,1.1161,1.1259,1.1485
224,224,003567,2017-12-04,1.0801,1.0801,0.84%,开放申购,开放赎回,,1.0869,1.0894,1.114,1.114,1.1481
225,225,003567,2017-12-01,1.0711,1.0711,0.03%,开放申购,开放赎回,,1.0672,1.0875,1.1138,1.1141,1.1392
226,226,003567,2018-03-29,1.0868,1.0868,0.78%,开放申购,开放赎回,,1.0639,1.0951,1.1155,1.1089,1.1368
227,227,003567,2018-03-28,1.0784,1.0784,-1.19%,开放申购,开放赎回,,1.0766,1.0935,1.1062,1.0987,1.129
228,228,003567,2018-03-27,1.0914,1.0914,1.03%,开放申购,开放赎回,,1.0811,1.0809,1.1002,1.1161,1.1259
229,229,003567,2018-03-26,1.0803,1.0803,0.52%,开放申购,开放赎回,,1.0801,1.0869,1.0894,1.114,1.114
230,230,003567,2018-03-23,1.0747,1.0747,-2.79%,开放申购,开放赎回,,1.0711,1.0672,1.0875,1.1138,1.1141
231,231,003567,2018-03-22,1.1056,1.1056,-0.83%,开放申购,开放赎回,,1.0868,1.0639,1.0951,1.1155,1.1089
232,232,003567,2018-03-21,1.1149,1.1149,-0.59%,开放申购,开放赎回,,1.0784,1.0766,1.0935,1.1062,1.0987
233,233,003567,2018-03-20,1.1215,1.1215,-0.19%,开放申购,开放赎回,,1.0914,1.0811,1.0809,1.1002,1.1161
234,234,003567,2018-03-19,1.1236,1.1236,0.29%,开放申购,开放赎回,,1.0803,1.0801,1.0869,1.0894,1.114
235,235,003567,2018-03-16,1.1203,1.1203,-0.81%,开放申购,开放赎回,,1.0747,1.0711,1.0672,1.0875,1.1138
236,236,003567,2018-03-15,1.1294,1.1294,0.90%,开放申购,开放赎回,,1.1056,1.0868,1.0639,1.0951,1.1155
237,237,003567,2018-03-14,1.1193,1.1193,-0.08%,开放申购,开放赎回,,1.1149,1.0784,1.0766,1.0935,1.1062
238,238,003567,2018-03-13,1.1202,1.1202,-0.88%,开放申购,开放赎回,,1.1215,1.0914,1.0811,1.0809,1.1002
239,239,003567,2018-03-12,1.1302,1.1302,0.54%,开放申购,开放赎回,,1.1236,1.0803,1.0801,1.0869,1.0894
240,240,003567,2018-03-09,1.1241,1.1241,0.95%,开放申购,开放赎回,,1.1203,1.0747,1.0711,1.0672,1.0875
241,241,003567,2018-03-08,1.1135,1.1135,0.78%,开放申购,开放赎回,,1.1294,1.1056,1.0868,1.0639,1.0951
242,242,003567,2018-03-07,1.1049,1.1049,-0.73%,开放申购,开放赎回,,1.1193,1.1149,1.0784,1.0766,1.0935
243,243,003567,2018-03-06,1.113,1.113,0.90%,开放申购,开放赎回,,1.1202,1.1215,1.0914,1.0811,1.0809
244,244,003567,2018-03-05,1.1031,1.1031,-0.45%,开放申购,开放赎回,,1.1302,1.1236,1.0803,1.0801,1.0869
245,245,003567,2018-03-02,1.1081,1.1081,-1.07%,开放申购,开放赎回,,1.1241,1.1203,1.0747,1.0711,1.0672
246,246,003567,2018-03-01,1.1201,1.1201,1.11%,开放申购,开放赎回,,1.1135,1.1294,1.1056,1.0868,1.0639
247,247,003567,2018-02-28,1.1078,1.1078,-0.60%,开放申购,开放赎回,,1.1049,1.1193,1.1149,1.0784,1.0766
248,248,003567,2018-02-27,1.1145,1.1145,-1.22%,开放申购,开放赎回,,1.113,1.1202,1.1215,1.0914,1.0811
249,249,003567,2018-02-26,1.1283,1.1283,0.71%,开放申购,开放赎回,,1.1031,1.1302,1.1236,1.0803,1.0801
250,250,003567,2018-02-23,1.1203,1.1203,0.02%,开放申购,开放赎回,,1.1081,1.1241,1.1203,1.0747,1.0711
251,251,003567,2018-02-22,1.1201,1.1201,2.15%,开放申购,开放赎回,,1.1201,1.1135,1.1294,1.1056,1.0868
252,252,003567,2018-02-14,1.0965,1.0965,0.98%,开放申购,开放赎回,,1.1078,1.1049,1.1193,1.1149,1.0784
253,253,003567,2018-02-13,1.0859,1.0859,1.34%,开放申购,开放赎回,,1.1145,1.113,1.1202,1.1215,1.0914
254,254,003567,2018-02-12,1.0715,1.0715,2.98%,开放申购,开放赎回,,1.1283,1.1031,1.1302,1.1236,1.0803
255,255,003567,2018-02-09,1.0405,1.0405,-3.41%,开放申购,开放赎回,,1.1203,1.1081,1.1241,1.1203,1.0747
256,256,003567,2018-02-08,1.0772,1.0772,0.50%,开放申购,开放赎回,,1.1201,1.1201,1.1135,1.1294,1.1056
257,257,003567,2018-02-07,1.0718,1.0718,-3.25%,开放申购,开放赎回,,1.0965,1.1078,1.1049,1.1193,1.1149
258,258,003567,2018-02-06,1.1078,1.1078,-2.76%,开放申购,开放赎回,,1.0859,1.1145,1.113,1.1202,1.1215
259,259,003567,2018-02-05,1.1393,1.1393,-0.92%,开放申购,开放赎回,,1.0715,1.1283,1.1031,1.1302,1.1236
260,260,003567,2018-02-02,1.1499,1.1499,1.19%,开放申购,开放赎回,,1.0405,1.1203,1.1081,1.1241,1.1203
261,261,003567,2018-02-01,1.1364,1.1364,-0.72%,开放申购,开放赎回,,1.0772,1.1201,1.1201,1.1135,1.1294
262,262,003567,2018-01-31,1.1446,1.1446,-0.22%,开放申购,开放赎回,,1.0718,1.0965,1.1078,1.1049,1.1193
263,263,003567,2018-01-30,1.1471,1.1471,-0.74%,开放申购,开放赎回,,1.1078,1.0859,1.1145,1.113,1.1202
264,264,003567,2018-01-29,1.1557,1.1557,-1.21%,开放申购,开放赎回,,1.1393,1.0715,1.1283,1.1031,1.1302
265,265,003567,2018-01-26,1.1698,1.1698,0.39%,开放申购,开放赎回,,1.1499,1.0405,1.1203,1.1081,1.1241
266,266,003567,2018-05-30,1.0911,1.0911,-0.94%,开放申购,开放赎回,,1.1364,1.0772,1.1201,1.1201,1.1135
267,267,003567,2018-05-29,1.1015,1.1015,-0.55%,开放申购,开放赎回,,1.1446,1.0718,1.0965,1.1078,1.1049
268,268,003567,2018-05-28,1.1076,1.1076,1.04%,开放申购,开放赎回,,1.1471,1.1078,1.0859,1.1145,1.113
269,269,003567,2018-05-25,1.0962,1.0962,-1.22%,开放申购,开放赎回,,1.1557,1.1393,1.0715,1.1283,1.1031
270,270,003567,2018-05-24,1.1097,1.1097,-0.45%,开放申购,开放赎回,,1.1698,1.1499,1.0405,1.1203,1.1081
271,271,003567,2018-05-23,1.1147,1.1147,-1.02%,开放申购,开放赎回,,1.0911,1.1364,1.0772,1.1201,1.1201
272,272,003567,2018-05-22,1.1262,1.1262,0.21%,开放申购,开放赎回,,1.1015,1.1446,1.0718,1.0965,1.1078
273,273,003567,2018-05-21,1.1238,1.1238,0.80%,开放申购,开放赎回,,1.1076,1.1471,1.1078,1.0859,1.1145
274,274,003567,2018-05-18,1.1149,1.1149,0.35%,开放申购,开放赎回,,1.0962,1.1557,1.1393,1.0715,1.1283
275,275,003567,2018-05-17,1.111,1.111,-0.85%,开放申购,开放赎回,,1.1097,1.1698,1.1499,1.0405,1.1203
276,276,003567,2018-05-16,1.1205,1.1205,-0.44%,开放申购,开放赎回,,1.1147,1.0911,1.1364,1.0772,1.1201
277,277,003567,2018-05-15,1.1255,1.1255,0.57%,开放申购,开放赎回,,1.1262,1.1015,1.1446,1.0718,1.0965
278,278,003567,2018-05-14,1.1191,1.1191,1.43%,开放申购,开放赎回,,1.1238,1.1076,1.1471,1.1078,1.0859
279,279,003567,2018-05-11,1.1033,1.1033,0.63%,开放申购,开放赎回,,1.1149,1.0962,1.1557,1.1393,1.0715
280,280,003567,2018-05-10,1.0964,1.0964,0.04%,开放申购,开放赎回,,1.111,1.1097,1.1698,1.1499,1.0405
281,281,003567,2018-05-09,1.096,1.096,0.03%,开放申购,开放赎回,,1.1205,1.1147,1.0911,1.1364,1.0772
282,282,003567,2018-05-08,1.0957,1.0957,0.23%,开放申购,开放赎回,,1.1255,1.1262,1.1015,1.1446,1.0718
283,283,003567,2018-05-07,1.0932,1.0932,1.23%,开放申购,开放赎回,,1.1191,1.1238,1.1076,1.1471,1.1078
284,284,003567,2018-05-04,1.0799,1.0799,-0.04%,开放申购,开放赎回,,1.1033,1.1149,1.0962,1.1557,1.1393
285,285,003567,2018-05-03,1.0803,1.0803,0.74%,开放申购,开放赎回,,1.0964,1.111,1.1097,1.1698,1.1499
286,286,003567,2018-05-02,1.0724,1.0724,0.51%,开放申购,开放赎回,,1.096,1.1205,1.1147,1.0911,1.1364
287,287,003567,2018-04-27,1.067,1.067,0.25%,开放申购,开放赎回,,1.0957,1.1255,1.1262,1.1015,1.1446
288,288,003567,2018-04-26,1.0643,1.0643,-1.42%,开放申购,开放赎回,,1.0932,1.1191,1.1238,1.1076,1.1471
289,289,003567,2018-04-25,1.0796,1.0796,0.08%,开放申购,开放赎回,,1.0799,1.1033,1.1149,1.0962,1.1557
290,290,003567,2018-04-24,1.0787,1.0787,2.14%,开放申购,开放赎回,,1.0803,1.0964,1.111,1.1097,1.1698
291,291,003567,2018-04-23,1.0561,1.0561,-0.96%,开放申购,开放赎回,,1.0724,1.096,1.1205,1.1147,1.0911
292,292,003567,2018-04-20,1.0663,1.0663,-1.98%,开放申购,开放赎回,,1.067,1.0957,1.1255,1.1262,1.1015
293,293,003567,2018-04-19,1.0878,1.0878,1.19%,开放申购,开放赎回,,1.0643,1.0932,1.1191,1.1238,1.1076
294,294,003567,2018-04-18,1.075,1.075,0.90%,开放申购,开放赎回,,1.0796,1.0799,1.1033,1.1149,1.0962
295,295,003567,2018-04-17,1.0654,1.0654,-1.97%,开放申购,开放赎回,,1.0787,1.0803,1.0964,1.111,1.1097
296,296,003567,2018-04-16,1.0868,1.0868,-0.51%,开放申购,开放赎回,,1.0561,1.0724,1.096,1.1205,1.1147
297,297,003567,2018-04-13,1.0924,1.0924,-0.15%,开放申购,开放赎回,,1.0663,1.067,1.0957,1.1255,1.1262
298,298,003567,2018-04-12,1.094,1.094,-0.31%,开放申购,开放赎回,,1.0878,1.0643,1.0932,1.1191,1.1238
299,299,003567,2018-04-11,1.0974,1.0974,0.35%,开放申购,开放赎回,,1.075,1.0796,1.0799,1.1033,1.1149
300,300,003567,2018-04-10,1.0936,1.0936,0.43%,开放申购,开放赎回,,1.0654,1.0787,1.0803,1.0964,1.111
301,301,003567,2018-04-09,1.0889,1.0889,0.06%,开放申购,开放赎回,,1.0868,1.0561,1.0724,1.096,1.1205
302,302,003567,2018-04-04,1.0883,1.0883,0.12%,开放申购,开放赎回,,1.0924,1.0663,1.067,1.0957,1.1255
303,303,003567,2018-04-03,1.087,1.087,-0.36%,开放申购,开放赎回,,1.094,1.0878,1.0643,1.0932,1.1191
304,304,003567,2018-04-02,1.0909,1.0909,-0.55%,开放申购,开放赎回,,1.0974,1.075,1.0796,1.0799,1.1033
305,305,003567,2018-03-30,1.0969,1.0969,0.93%,开放申购,开放赎回,,1.0936,1.0654,1.0787,1.0803,1.0964
306,306,003567,2018-07-25,1.0715,1.0715,-0.20%,开放申购,开放赎回,,1.0889,1.0868,1.0561,1.0724,1.096
307,307,003567,2018-07-24,1.0736,1.0736,0.77%,开放申购,开放赎回,,1.0883,1.0924,1.0663,1.067,1.0957
308,308,003567,2018-07-23,1.0654,1.0654,0.48%,开放申购,开放赎回,,1.087,1.094,1.0878,1.0643,1.0932
309,309,003567,2018-07-20,1.0603,1.0603,0.50%,开放申购,开放赎回,,1.0909,1.0974,1.075,1.0796,1.0799
310,310,003567,2018-07-19,1.055,1.055,0.14%,开放申购,开放赎回,,1.0969,1.0936,1.0654,1.0787,1.0803
311,311,003567,2018-07-18,1.0535,1.0535,0.03%,开放申购,开放赎回,,1.0715,1.0889,1.0868,1.0561,1.0724
312,312,003567,2018-07-17,1.0532,1.0532,-0.05%,开放申购,开放赎回,,1.0736,1.0883,1.0924,1.0663,1.067
313,313,003567,2018-07-16,1.0537,1.0537,0.17%,开放申购,开放赎回,,1.0654,1.087,1.094,1.0878,1.0643
314,314,003567,2018-07-13,1.0519,1.0519,0.72%,开放申购,开放赎回,,1.0603,1.0909,1.0974,1.075,1.0796
315,315,003567,2018-07-12,1.0444,1.0444,1.69%,开放申购,开放赎回,,1.055,1.0969,1.0936,1.0654,1.0787
316,316,003567,2018-07-11,1.027,1.027,-0.28%,开放申购,开放赎回,,1.0535,1.0715,1.0889,1.0868,1.0561
317,317,003567,2018-07-10,1.0299,1.0299,0.35%,开放申购,开放赎回,,1.0532,1.0736,1.0883,1.0924,1.0663
318,318,003567,2018-07-09,1.0263,1.0263,2.50%,开放申购,开放赎回,,1.0537,1.0654,1.087,1.094,1.0878
319,319,003567,2018-07-06,1.0013,1.0013,0.72%,开放申购,开放赎回,,1.0519,1.0603,1.0909,1.0974,1.075
320,320,003567,2018-07-05,0.9941,0.9941,-1.35%,开放申购,开放赎回,,1.0444,1.055,1.0969,1.0936,1.0654
321,321,003567,2018-07-04,1.0077,1.0077,-1.88%,开放申购,开放赎回,,1.027,1.0535,1.0715,1.0889,1.0868
322,322,003567,2018-07-03,1.027,1.027,0.40%,开放申购,开放赎回,,1.0299,1.0532,1.0736,1.0883,1.0924
323,323,003567,2018-07-02,1.0229,1.0229,-1.31%,开放申购,开放赎回,,1.0263,1.0537,1.0654,1.087,1.094
324,324,003567,2018-06-30,1.0364,1.0364,,开放申购,开放赎回,,1.0013,1.0519,1.0603,1.0909,1.0974
325,325,003567,2018-06-29,1.0365,1.0365,3.00%,开放申购,开放赎回,,0.9941,1.0444,1.055,1.0969,1.0936
326,326,003567,2018-06-28,1.0063,1.0063,-1.08%,开放申购,开放赎回,,1.0077,1.027,1.0535,1.0715,1.0889
327,327,003567,2018-06-27,1.0173,1.0173,-1.79%,开放申购,开放赎回,,1.027,1.0299,1.0532,1.0736,1.0883
328,328,003567,2018-06-26,1.0358,1.0358,-0.23%,开放申购,开放赎回,,1.0229,1.0263,1.0537,1.0654,1.087
329,329,003567,2018-06-25,1.0382,1.0382,-1.15%,开放申购,开放赎回,,1.0364,1.0013,1.0519,1.0603,1.0909
330,330,003567,2018-06-22,1.0503,1.0503,0.65%,开放申购,开放赎回,,1.0365,0.9941,1.0444,1.055,1.0969
331,331,003567,2018-06-21,1.0435,1.0435,-1.36%,开放申购,开放赎回,,1.0063,1.0077,1.027,1.0535,1.0715
332,332,003567,2018-06-20,1.0579,1.0579,1.34%,开放申购,开放赎回,,1.0173,1.027,1.0299,1.0532,1.0736
333,333,003567,2018-06-19,1.0439,1.0439,-3.58%,开放申购,开放赎回,,1.0358,1.0229,1.0263,1.0537,1.0654
334,334,003567,2018-06-15,1.0827,1.0827,-0.49%,开放申购,开放赎回,,1.0382,1.0364,1.0013,1.0519,1.0603
335,335,003567,2018-06-14,1.088,1.088,-0.73%,开放申购,开放赎回,,1.0503,1.0365,0.9941,1.0444,1.055
336,336,003567,2018-06-13,1.096,1.096,-1.00%,开放申购,开放赎回,,1.0435,1.0063,1.0077,1.027,1.0535
337,337,003567,2018-06-12,1.1071,1.1071,1.12%,开放申购,开放赎回,,1.0579,1.0173,1.027,1.0299,1.0532
338,338,003567,2018-06-11,1.0948,1.0948,-0.17%,开放申购,开放赎回,,1.0439,1.0358,1.0229,1.0263,1.0537
339,339,003567,2018-06-08,1.0967,1.0967,-0.64%,开放申购,开放赎回,,1.0827,1.0382,1.0364,1.0013,1.0519
340,340,003567,2018-06-07,1.1038,1.1038,-0.51%,开放申购,开放赎回,,1.088,1.0503,1.0365,0.9941,1.0444
341,341,003567,2018-06-06,1.1095,1.1095,-0.32%,开放申购,开放赎回,,1.096,1.0435,1.0063,1.0077,1.027
342,342,003567,2018-06-05,1.1131,1.1131,1.32%,开放申购,开放赎回,,1.1071,1.0579,1.0173,1.027,1.0299
343,343,003567,2018-06-04,1.0986,1.0986,-0.09%,开放申购,开放赎回,,1.0948,1.0439,1.0358,1.0229,1.0263
344,344,003567,2018-06-01,1.0996,1.0996,-1.26%,开放申购,开放赎回,,1.0967,1.0827,1.0382,1.0364,1.0013
345,345,003567,2018-05-31,1.1136,1.1136,2.06%,开放申购,开放赎回,,1.1038,1.088,1.0503,1.0365,0.9941
346,346,003567,2018-09-19,0.9764,0.9764,1.39%,开放申购,开放赎回,,1.1095,1.096,1.0435,1.0063,1.0077
347,347,003567,2018-09-18,0.963,0.963,1.17%,开放申购,开放赎回,,1.1131,1.1071,1.0579,1.0173,1.027
348,348,003567,2018-09-17,0.9519,0.9519,-0.67%,开放申购,开放赎回,,1.0986,1.0948,1.0439,1.0358,1.0229
349,349,003567,2018-09-14,0.9583,0.9583,-0.97%,开放申购,开放赎回,,1.0996,1.0967,1.0827,1.0382,1.0364
350,350,003567,2018-09-13,0.9677,0.9677,0.60%,开放申购,开放赎回,,1.1136,1.1038,1.088,1.0503,1.0365
351,351,003567,2018-09-12,0.9619,0.9619,-0.63%,开放申购,开放赎回,,0.9764,1.1095,1.096,1.0435,1.0063
352,352,003567,2018-09-11,0.968,0.968,0.35%,开放申购,开放赎回,,0.963,1.1131,1.1071,1.0579,1.0173
353,353,003567,2018-09-10,0.9646,0.9646,-1.52%,开放申购,开放赎回,,0.9519,1.0986,1.0948,1.0439,1.0358
354,354,003567,2018-09-07,0.9795,0.9795,-0.23%,开放申购,开放赎回,,0.9583,1.0996,1.0967,1.0827,1.0382
355,355,003567,2018-09-06,0.9818,0.9818,-0.69%,开放申购,开放赎回,,0.9677,1.1136,1.1038,1.088,1.0503
356,356,003567,2018-09-05,0.9886,0.9886,-1.32%,开放申购,开放赎回,,0.9619,0.9764,1.1095,1.096,1.0435
357,357,003567,2018-09-04,1.0018,1.0018,0.77%,开放申购,开放赎回,,0.968,0.963,1.1131,1.1071,1.0579
358,358,003567,2018-09-03,0.9941,0.9941,0.74%,开放申购,开放赎回,,0.9646,0.9519,1.0986,1.0948,1.0439
359,359,003567,2018-08-31,0.9868,0.9868,-0.52%,开放申购,开放赎回,,0.9795,0.9583,1.0996,1.0967,1.0827
360,360,003567,2018-08-30,0.992,0.992,-1.14%,开放申购,开放赎回,,0.9818,0.9677,1.1136,1.1038,1.088
361,361,003567,2018-08-29,1.0034,1.0034,-0.42%,开放申购,开放赎回,,0.9886,0.9619,0.9764,1.1095,1.096
362,362,003567,2018-08-28,1.0076,1.0076,0.71%,开放申购,开放赎回,,1.0018,0.968,0.963,1.1131,1.1071
363,363,003567,2018-08-27,1.0005,1.0005,2.24%,开放申购,开放赎回,,0.9941,0.9646,0.9519,1.0986,1.0948
364,364,003567,2018-08-24,0.9786,0.9786,-0.48%,开放申购,开放赎回,,0.9868,0.9795,0.9583,1.0996,1.0967
365,365,003567,2018-08-23,0.9833,0.9833,0.78%,开放申购,开放赎回,,0.992,0.9818,0.9677,1.1136,1.1038
366,366,003567,2018-08-22,0.9757,0.9757,-1.11%,开放申购,开放赎回,,1.0034,0.9886,0.9619,0.9764,1.1095
367,367,003567,2018-08-21,0.9867,0.9867,1.91%,开放申购,开放赎回,,1.0076,1.0018,0.968,0.963,1.1131
368,368,003567,2018-08-20,0.9682,0.9682,0.31%,开放申购,开放赎回,,1.0005,0.9941,0.9646,0.9519,1.0986
369,369,003567,2018-08-17,0.9652,0.9652,-0.88%,开放申购,开放赎回,,0.9786,0.9868,0.9795,0.9583,1.0996
370,370,003567,2018-08-16,0.9738,0.9738,-1.04%,开放申购,开放赎回,,0.9833,0.992,0.9818,0.9677,1.1136
371,371,003567,2018-08-15,0.984,0.984,-1.93%,开放申购,开放赎回,,0.9757,1.0034,0.9886,0.9619,0.9764
372,372,003567,2018-08-14,1.0034,1.0034,-0.52%,开放申购,开放赎回,,0.9867,1.0076,1.0018,0.968,0.963
373,373,003567,2018-08-13,1.0086,1.0086,0.16%,开放申购,开放赎回,,0.9682,1.0005,0.9941,0.9646,0.9519
374,374,003567,2018-08-10,1.007,1.007,0.44%,开放申购,开放赎回,,0.9652,0.9786,0.9868,0.9795,0.9583
375,375,003567,2018-08-09,1.0026,1.0026,1.75%,开放申购,开放赎回,,0.9738,0.9833,0.992,0.9818,0.9677
376,376,003567,2018-08-08,0.9854,0.9854,-1.83%,开放申购,开放赎回,,0.984,0.9757,1.0034,0.9886,0.9619
377,377,003567,2018-08-07,1.0038,1.0038,2.31%,开放申购,开放赎回,,1.0034,0.9867,1.0076,1.0018,0.968
378,378,003567,2018-08-06,0.9811,0.9811,-1.86%,开放申购,开放赎回,,1.0086,0.9682,1.0005,0.9941,0.9646
379,379,003567,2018-08-03,0.9997,0.9997,-1.57%,开放申购,开放赎回,,1.007,0.9652,0.9786,0.9868,0.9795
380,380,003567,2018-08-02,1.0156,1.0156,-2.03%,开放申购,开放赎回,,1.0026,0.9738,0.9833,0.992,0.9818
381,381,003567,2018-08-01,1.0366,1.0366,-1.14%,开放申购,开放赎回,,0.9854,0.984,0.9757,1.0034,0.9886
382,382,003567,2018-07-31,1.0485,1.0485,0.50%,开放申购,开放赎回,,1.0038,1.0034,0.9867,1.0076,1.0018
383,383,003567,2018-07-30,1.0433,1.0433,-1.08%,开放申购,开放赎回,,0.9811,1.0086,0.9682,1.0005,0.9941
384,384,003567,2018-07-27,1.0547,1.0547,-0.09%,开放申购,开放赎回,,0.9997,1.007,0.9652,0.9786,0.9868
385,385,003567,2018-07-26,1.0557,1.0557,-1.47%,开放申购,开放赎回,,1.0156,1.0026,0.9738,0.9833,0.992
386,386,003567,2018-11-22,0.9866,0.9866,-0.27%,开放申购,开放赎回,,1.0366,0.9854,0.984,0.9757,1.0034
387,387,003567,2018-11-21,0.9893,0.9893,0.10%,开放申购,开放赎回,,1.0485,1.0038,1.0034,0.9867,1.0076
388,388,003567,2018-11-20,0.9883,0.9883,-1.21%,开放申购,开放赎回,,1.0433,0.9811,1.0086,0.9682,1.0005
389,389,003567,2018-11-19,1.0004,1.0004,0.41%,开放申购,开放赎回,,1.0547,0.9997,1.007,0.9652,0.9786
390,390,003567,2018-11-16,0.9963,0.9963,0.20%,开放申购,开放赎回,,1.0557,1.0156,1.0026,0.9738,0.9833
391,391,003567,2018-11-15,0.9943,0.9943,0.96%,开放申购,开放赎回,,0.9866,1.0366,0.9854,0.984,0.9757
392,392,003567,2018-11-14,0.9848,0.9848,-0.51%,开放申购,开放赎回,,0.9893,1.0485,1.0038,1.0034,0.9867
393,393,003567,2018-11-13,0.9898,0.9898,0.80%,开放申购,开放赎回,,0.9883,1.0433,0.9811,1.0086,0.9682
394,394,003567,2018-11-12,0.9819,0.9819,2.01%,开放申购,开放赎回,,1.0004,1.0547,0.9997,1.007,0.9652
395,395,003567,2018-11-09,0.9626,0.9626,-0.61%,开放申购,开放赎回,,0.9963,1.0557,1.0156,1.0026,0.9738
396,396,003567,2018-11-08,0.9685,0.9685,-0.64%,开放申购,开放赎回,,0.9943,0.9866,1.0366,0.9854,0.984
397,397,003567,2018-11-07,0.9747,0.9747,-0.18%,开放申购,开放赎回,,0.9848,0.9893,1.0485,1.0038,1.0034
398,398,003567,2018-11-06,0.9765,0.9765,-0.07%,开放申购,开放赎回,,0.9898,0.9883,1.0433,0.9811,1.0086
399,399,003567,2018-11-05,0.9772,0.9772,-0.29%,开放申购,开放赎回,,0.9819,1.0004,1.0547,0.9997,1.007
400,400,003567,2018-11-02,0.98,0.98,2.14%,开放申购,开放赎回,,0.9626,0.9963,1.0557,1.0156,1.0026
401,401,003567,2018-11-01,0.9595,0.9595,0.49%,开放申购,开放赎回,,0.9685,0.9943,0.9866,1.0366,0.9854
402,402,003567,2018-10-31,0.9548,0.9548,0.60%,开放申购,开放赎回,,0.9747,0.9848,0.9893,1.0485,1.0038
403,403,003567,2018-10-30,0.9491,0.9491,1.67%,开放申购,开放赎回,,0.9765,0.9898,0.9883,1.0433,0.9811
404,404,003567,2018-10-29,0.9335,0.9335,-1.90%,开放申购,开放赎回,,0.9772,0.9819,1.0004,1.0547,0.9997
405,405,003567,2018-10-26,0.9516,0.9516,-0.56%,开放申购,开放赎回,,0.98,0.9626,0.9963,1.0557,1.0156
406,406,003567,2018-10-25,0.957,0.957,-0.07%,开放申购,开放赎回,,0.9595,0.9685,0.9943,0.9866,1.0366
407,407,003567,2018-10-24,0.9577,0.9577,-0.33%,开放申购,开放赎回,,0.9548,0.9747,0.9848,0.9893,1.0485
408,408,003567,2018-10-23,0.9609,0.9609,-1.61%,开放申购,开放赎回,,0.9491,0.9765,0.9898,0.9883,1.0433
409,409,003567,2018-10-22,0.9766,0.9766,4.43%,开放申购,开放赎回,,0.9335,0.9772,0.9819,1.0004,1.0547
410,410,003567,2018-10-19,0.9352,0.9352,3.12%,开放申购,开放赎回,,0.9516,0.98,0.9626,0.9963,1.0557
411,411,003567,2018-10-18,0.9069,0.9069,-1.73%,开放申购,开放赎回,,0.957,0.9595,0.9685,0.9943,0.9866
412,412,003567,2018-10-17,0.9229,0.9229,-0.30%,开放申购,开放赎回,,0.9577,0.9548,0.9747,0.9848,0.9893
413,413,003567,2018-10-16,0.9257,0.9257,-1.53%,开放申购,开放赎回,,0.9609,0.9491,0.9765,0.9898,0.9883
414,414,003567,2018-10-15,0.9401,0.9401,-1.65%,开放申购,开放赎回,,0.9766,0.9335,0.9772,0.9819,1.0004
415,415,003567,2018-10-12,0.9559,0.9559,1.53%,开放申购,开放赎回,,0.9352,0.9516,0.98,0.9626,0.9963
416,416,003567,2018-10-11,0.9415,0.9415,-3.18%,开放申购,开放赎回,,0.9069,0.957,0.9595,0.9685,0.9943
417,417,003567,2018-10-10,0.9724,0.9724,-0.39%,开放申购,开放赎回,,0.9229,0.9577,0.9548,0.9747,0.9848
418,418,003567,2018-10-09,0.9762,0.9762,0.01%,开放申购,开放赎回,,0.9257,0.9609,0.9491,0.9765,0.9898
419,419,003567,2018-10-08,0.9761,0.9761,-2.25%,开放申购,开放赎回,,0.9401,0.9766,0.9335,0.9772,0.9819
420,420,003567,2018-09-28,0.9986,0.9986,0.56%,开放申购,开放赎回,,0.9559,0.9352,0.9516,0.98,0.9626
421,421,003567,2018-09-27,0.993,0.993,-0.39%,开放申购,开放赎回,,0.9415,0.9069,0.957,0.9595,0.9685
422,422,003567,2018-09-26,0.9969,0.9969,0.76%,开放申购,开放赎回,,0.9724,0.9229,0.9577,0.9548,0.9747
423,423,003567,2018-09-25,0.9894,0.9894,-0.27%,开放申购,开放赎回,,0.9762,0.9257,0.9609,0.9491,0.9765
424,424,003567,2018-09-21,0.9921,0.9921,1.65%,开放申购,开放赎回,,0.9761,0.9401,0.9766,0.9335,0.9772
425,425,003567,2018-09-20,0.976,0.976,-0.04%,开放申购,开放赎回,,0.9986,0.9559,0.9352,0.9516,0.98
426,426,003567,2019-01-18,0.9888,0.9888,0.98%,开放申购,开放赎回,,0.993,0.9415,0.9069,0.957,0.9595
427,427,003567,2019-01-17,0.9792,0.9792,-0.65%,开放申购,开放赎回,,0.9969,0.9724,0.9229,0.9577,0.9548
428,428,003567,2019-01-16,0.9856,0.9856,0.47%,开放申购,开放赎回,,0.9894,0.9762,0.9257,0.9609,0.9491
429,429,003567,2019-01-15,0.981,0.981,0.82%,开放申购,开放赎回,,0.9921,0.9761,0.9401,0.9766,0.9335
430,430,003567,2019-01-14,0.973,0.973,-0.75%,开放申购,开放赎回,,0.976,0.9986,0.9559,0.9352,0.9516
431,431,003567,2019-01-11,0.9804,0.9804,-0.14%,开放申购,开放赎回,,0.9888,0.993,0.9415,0.9069,0.957
432,432,003567,2019-01-10,0.9818,0.9818,-0.03%,开放申购,开放赎回,,0.9792,0.9969,0.9724,0.9229,0.9577
433,433,003567,2019-01-09,0.9821,0.9821,0.29%,开放申购,开放赎回,,0.9856,0.9894,0.9762,0.9257,0.9609
434,434,003567,2019-01-08,0.9793,0.9793,-0.19%,开放申购,开放赎回,,0.981,0.9921,0.9761,0.9401,0.9766
435,435,003567,2019-01-07,0.9812,0.9812,1.12%,开放申购,开放赎回,,0.973,0.976,0.9986,0.9559,0.9352
436,436,003567,2019-01-04,0.9703,0.9703,1.53%,开放申购,开放赎回,,0.9804,0.9888,0.993,0.9415,0.9069
437,437,003567,2019-01-03,0.9557,0.9557,-1.20%,开放申购,开放赎回,,0.9818,0.9792,0.9969,0.9724,0.9229
438,438,003567,2019-01-02,0.9673,0.9673,-1.16%,开放申购,开放赎回,,0.9821,0.9856,0.9894,0.9762,0.9257
439,439,003567,2018-12-31,0.9786,0.9786,,开放申购,开放赎回,,0.9793,0.981,0.9921,0.9761,0.9401
440,440,003567,2018-12-28,0.9787,0.9787,0.18%,开放申购,开放赎回,,0.9812,0.973,0.976,0.9986,0.9559
441,441,003567,2018-12-27,0.9769,0.9769,-0.15%,开放申购,开放赎回,,0.9703,0.9804,0.9888,0.993,0.9415
442,442,003567,2018-12-26,0.9784,0.9784,-0.12%,开放申购,开放赎回,,0.9557,0.9818,0.9792,0.9969,0.9724
443,443,003567,2018-12-25,0.9796,0.9796,0.24%,开放申购,开放赎回,,0.9673,0.9821,0.9856,0.9894,0.9762
444,444,003567,2018-12-24,0.9773,0.9773,1.14%,开放申购,开放赎回,,0.9786,0.9793,0.981,0.9921,0.9761
445,445,003567,2018-12-21,0.9663,0.9663,0.01%,开放申购,开放赎回,,0.9787,0.9812,0.973,0.976,0.9986
446,446,003567,2018-12-20,0.9662,0.9662,0.02%,开放申购,开放赎回,,0.9769,0.9703,0.9804,0.9888,0.993
447,447,003567,2018-12-19,0.966,0.966,-1.07%,开放申购,开放赎回,,0.9784,0.9557,0.9818,0.9792,0.9969
448,448,003567,2018-12-18,0.9764,0.9764,-0.56%,开放申购,开放赎回,,0.9796,0.9673,0.9821,0.9856,0.9894
449,449,003567,2018-12-17,0.9819,0.9819,-0.45%,开放申购,开放赎回,,0.9773,0.9786,0.9793,0.981,0.9921
450,450,003567,2018-12-14,0.9863,0.9863,-1.52%,开放申购,开放赎回,,0.9663,0.9787,0.9812,0.973,0.976
451,451,003567,2018-12-13,1.0015,1.0015,1.07%,开放申购,开放赎回,,0.9662,0.9769,0.9703,0.9804,0.9888
452,452,003567,2018-12-12,0.9909,0.9909,0.01%,开放申购,开放赎回,,0.966,0.9784,0.9557,0.9818,0.9792
453,453,003567,2018-12-11,0.9908,0.9908,0.29%,开放申购,开放赎回,,0.9764,0.9796,0.9673,0.9821,0.9856
454,454,003567,2018-12-10,0.9879,0.9879,-0.68%,开放申购,开放赎回,,0.9819,0.9773,0.9786,0.9793,0.981
455,455,003567,2018-12-07,0.9947,0.9947,-0.14%,开放申购,开放赎回,,0.9863,0.9663,0.9787,0.9812,0.973
456,456,003567,2018-12-06,0.9961,0.9961,-1.18%,开放申购,开放赎回,,1.0015,0.9662,0.9769,0.9703,0.9804
457,457,003567,2018-12-05,1.008,1.008,-0.22%,开放申购,开放赎回,,0.9909,0.966,0.9784,0.9557,0.9818
458,458,003567,2018-12-04,1.0102,1.0102,0.59%,开放申购,开放赎回,,0.9908,0.9764,0.9796,0.9673,0.9821
459,459,003567,2018-12-03,1.0043,1.0043,2.71%,开放申购,开放赎回,,0.9879,0.9819,0.9773,0.9786,0.9793
460,460,003567,2018-11-30,0.9778,0.9778,0.53%,开放申购,开放赎回,,0.9947,0.9863,0.9663,0.9787,0.9812
461,461,003567,2018-11-29,0.9726,0.9726,-0.99%,开放申购,开放赎回,,0.9961,1.0015,0.9662,0.9769,0.9703
462,462,003567,2018-11-28,0.9823,0.9823,0.82%,开放申购,开放赎回,,1.008,0.9909,0.966,0.9784,0.9557
463,463,003567,2018-11-27,0.9743,0.9743,0.71%,开放申购,开放赎回,,1.0102,0.9908,0.9764,0.9796,0.9673
464,464,003567,2018-11-26,0.9674,0.9674,-0.50%,开放申购,开放赎回,,1.0043,0.9879,0.9819,0.9773,0.9786
465,465,003567,2018-11-23,0.9723,0.9723,-1.45%,开放申购,开放赎回,,0.9778,0.9947,0.9863,0.9663,0.9787
466,466,003567,2019-03-22,1.1686,1.1686,0.58%,开放申购,开放赎回,,0.9726,0.9961,1.0015,0.9662,0.9769
467,467,003567,2019-03-21,1.1619,1.1619,0.46%,开放申购,开放赎回,,0.9823,1.008,0.9909,0.966,0.9784
468,468,003567,2019-03-20,1.1566,1.1566,-0.40%,开放申购,开放赎回,,0.9743,1.0102,0.9908,0.9764,0.9796
469,469,003567,2019-03-19,1.1612,1.1612,0.13%,开放申购,开放赎回,,0.9674,1.0043,0.9879,0.9819,0.9773
470,470,003567,2019-03-18,1.1597,1.1597,1.95%,开放申购,开放赎回,,0.9723,0.9778,0.9947,0.9863,0.9663
471,471,003567,2019-03-15,1.1375,1.1375,1.31%,开放申购,开放赎回,,1.1686,0.9726,0.9961,1.0015,0.9662
472,472,003567,2019-03-14,1.1228,1.1228,-1.32%,开放申购,开放赎回,,1.1619,0.9823,1.008,0.9909,0.966
473,473,003567,2019-03-13,1.1378,1.1378,-1.52%,开放申购,开放赎回,,1.1566,0.9743,1.0102,0.9908,0.9764
474,474,003567,2019-03-12,1.1554,1.1554,1.38%,开放申购,开放赎回,,1.1612,0.9674,1.0043,0.9879,0.9819
475,475,003567,2019-03-11,1.1397,1.1397,2.67%,开放申购,开放赎回,,1.1597,0.9723,0.9778,0.9947,0.9863
476,476,003567,2019-03-08,1.1101,1.1101,-1.82%,开放申购,开放赎回,,1.1375,1.1686,0.9726,0.9961,1.0015
477,477,003567,2019-03-07,1.1307,1.1307,-0.41%,开放申购,开放赎回,,1.1228,1.1619,0.9823,1.008,0.9909
478,478,003567,2019-03-06,1.1353,1.1353,0.50%,开放申购,开放赎回,,1.1378,1.1566,0.9743,1.0102,0.9908
479,479,003567,2019-03-05,1.1297,1.1297,0.99%,开放申购,开放赎回,,1.1554,1.1612,0.9674,1.0043,0.9879
480,480,003567,2019-03-04,1.1186,1.1186,1.11%,开放申购,开放赎回,,1.1397,1.1597,0.9723,0.9778,0.9947
481,481,003567,2019-03-01,1.1063,1.1063,0.64%,开放申购,开放赎回,,1.1101,1.1375,1.1686,0.9726,0.9961
482,482,003567,2019-02-28,1.0993,1.0993,0.45%,开放申购,开放赎回,,1.1307,1.1228,1.1619,0.9823,1.008
483,483,003567,2019-02-27,1.0944,1.0944,-0.40%,开放申购,开放赎回,,1.1353,1.1378,1.1566,0.9743,1.0102
484,484,003567,2019-02-26,1.0988,1.0988,-0.46%,开放申购,开放赎回,,1.1297,1.1554,1.1612,0.9674,1.0043
485,485,003567,2019-02-25,1.1039,1.1039,2.79%,开放申购,开放赎回,,1.1186,1.1397,1.1597,0.9723,0.9778
486,486,003567,2019-02-22,1.0739,1.0739,1.24%,开放申购,开放赎回,,1.1063,1.1101,1.1375,1.1686,0.9726
487,487,003567,2019-02-21,1.0607,1.0607,-0.38%,开放申购,开放赎回,,1.0993,1.1307,1.1228,1.1619,0.9823
488,488,003567,2019-02-20,1.0647,1.0647,-0.28%,开放申购,开放赎回,,1.0944,1.1353,1.1378,1.1566,0.9743
489,489,003567,2019-02-19,1.0677,1.0677,-0.01%,开放申购,开放赎回,,1.0988,1.1297,1.1554,1.1612,0.9674
490,490,003567,2019-02-18,1.0678,1.0678,2.12%,开放申购,开放赎回,,1.1039,1.1186,1.1397,1.1597,0.9723
491,491,003567,2019-02-15,1.0456,1.0456,-0.95%,开放申购,开放赎回,,1.0739,1.1063,1.1101,1.1375,1.1686
492,492,003567,2019-02-14,1.0556,1.0556,0.56%,开放申购,开放赎回,,1.0607,1.0993,1.1307,1.1228,1.1619
493,493,003567,2019-02-13,1.0497,1.0497,0.96%,开放申购,开放赎回,,1.0647,1.0944,1.1353,1.1378,1.1566
494,494,003567,2019-02-12,1.0397,1.0397,0.67%,开放申购,开放赎回,,1.0677,1.0988,1.1297,1.1554,1.1612
495,495,003567,2019-02-11,1.0328,1.0328,2.17%,开放申购,开放赎回,,1.0678,1.1039,1.1186,1.1397,1.1597
496,496,003567,2019-02-01,1.0109,1.0109,1.07%,开放申购,开放赎回,,1.0456,1.0739,1.1063,1.1101,1.1375
497,497,003567,2019-01-31,1.0002,1.0002,0.39%,开放申购,开放赎回,,1.0556,1.0607,1.0993,1.1307,1.1228
498,498,003567,2019-01-30,0.9963,0.9963,-0.93%,开放申购,开放赎回,,1.0497,1.0647,1.0944,1.1353,1.1378
499,499,003567,2019-01-29,1.0057,1.0057,0.37%,开放申购,开放赎回,,1.0397,1.0677,1.0988,1.1297,1.1554
500,500,003567,2019-01-28,1.002,1.002,0.28%,开放申购,开放赎回,,1.0328,1.0678,1.1039,1.1186,1.1397
501,501,003567,2019-01-25,0.9992,0.9992,0.42%,开放申购,开放赎回,,1.0109,1.0456,1.0739,1.1063,1.1101
502,502,003567,2019-01-24,0.995,0.995,0.15%,开放申购,开放赎回,,1.0002,1.0556,1.0607,1.0993,1.1307
503,503,003567,2019-01-23,0.9935,0.9935,0.31%,开放申购,开放赎回,,0.9963,1.0497,1.0647,1.0944,1.1353
504,504,003567,2019-01-22,0.9904,0.9904,-0.99%,开放申购,开放赎回,,1.0057,1.0397,1.0677,1.0988,1.1297
505,505,003567,2019-01-21,1.0003,1.0003,1.16%,开放申购,开放赎回,,1.002,1.0328,1.0678,1.1039,1.1186
506,506,003567,2019-05-23,1.1333,1.1333,-1.34%,开放申购,开放赎回,,0.9992,1.0109,1.0456,1.0739,1.1063
507,507,003567,2019-05-22,1.1487,1.1487,-0.39%,开放申购,开放赎回,,0.995,1.0002,1.0556,1.0607,1.0993
508,508,003567,2019-05-21,1.1532,1.1532,0.82%,开放申购,开放赎回,,0.9935,0.9963,1.0497,1.0647,1.0944
509,509,003567,2019-05-20,1.1438,1.1438,-1.02%,开放申购,开放赎回,,0.9904,1.0057,1.0397,1.0677,1.0988
510,510,003567,2019-05-17,1.1556,1.1556,-1.64%,开放申购,开放赎回,,1.0003,1.002,1.0328,1.0678,1.1039
511,511,003567,2019-05-16,1.1749,1.1749,0.03%,开放申购,开放赎回,,1.1333,0.9992,1.0109,1.0456,1.0739
512,512,003567,2019-05-15,1.1746,1.1746,2.27%,开放申购,开放赎回,,1.1487,0.995,1.0002,1.0556,1.0607
513,513,003567,2019-05-14,1.1485,1.1485,-0.51%,开放申购,开放赎回,,1.1532,0.9935,0.9963,1.0497,1.0647
514,514,003567,2019-05-13,1.1544,1.1544,-0.36%,开放申购,开放赎回,,1.1438,0.9904,1.0057,1.0397,1.0677
515,515,003567,2019-05-10,1.1586,1.1586,3.31%,开放申购,开放赎回,,1.1556,1.0003,1.002,1.0328,1.0678
516,516,003567,2019-05-09,1.1215,1.1215,-1.21%,开放申购,开放赎回,,1.1749,1.1333,0.9992,1.0109,1.0456
517,517,003567,2019-05-08,1.1352,1.1352,-1.75%,开放申购,开放赎回,,1.1746,1.1487,0.995,1.0002,1.0556
518,518,003567,2019-05-07,1.1554,1.1554,1.01%,开放申购,开放赎回,,1.1485,1.1532,0.9935,0.9963,1.0497
519,519,003567,2019-05-06,1.1438,1.1438,-4.17%,开放申购,开放赎回,,1.1544,1.1438,0.9904,1.0057,1.0397
520,520,003567,2019-04-30,1.1936,1.1936,0.81%,开放申购,开放赎回,,1.1586,1.1556,1.0003,1.002,1.0328
521,521,003567,2019-04-29,1.184,1.184,-0.62%,开放申购,开放赎回,,1.1215,1.1749,1.1333,0.9992,1.0109
522,522,003567,2019-04-26,1.1914,1.1914,-0.18%,开放申购,开放赎回,,1.1352,1.1746,1.1487,0.995,1.0002
523,523,003567,2019-04-25,1.1935,1.1935,-1.22%,开放申购,开放赎回,,1.1554,1.1485,1.1532,0.9935,0.9963
524,524,003567,2019-04-24,1.2082,1.2082,0.39%,开放申购,开放赎回,,1.1438,1.1544,1.1438,0.9904,1.0057
525,525,003567,2019-04-23,1.2035,1.2035,0.17%,开放申购,开放赎回,,1.1936,1.1586,1.1556,1.0003,1.002
526,526,003567,2019-04-22,1.2014,1.2014,-0.83%,开放申购,开放赎回,,1.184,1.1215,1.1749,1.1333,0.9992
527,527,003567,2019-04-19,1.2115,1.2115,-0.07%,开放申购,开放赎回,,1.1914,1.1352,1.1746,1.1487,0.995
528,528,003567,2019-04-18,1.2123,1.2123,0.07%,开放申购,开放赎回,,1.1935,1.1554,1.1485,1.1532,0.9935
529,529,003567,2019-04-17,1.2115,1.2115,0.77%,开放申购,开放赎回,,1.2082,1.1438,1.1544,1.1438,0.9904
530,530,003567,2019-04-16,1.2022,1.2022,1.03%,开放申购,开放赎回,,1.2035,1.1936,1.1586,1.1556,1.0003
531,531,003567,2019-04-15,1.1899,1.1899,-1.08%,开放申购,开放赎回,,1.2014,1.184,1.1215,1.1749,1.1333
532,532,003567,2019-04-12,1.2029,1.2029,0.14%,开放申购,开放赎回,,1.2115,1.1914,1.1352,1.1746,1.1487
533,533,003567,2019-04-11,1.2012,1.2012,-1.49%,开放申购,开放赎回,,1.2123,1.1935,1.1554,1.1485,1.1532
534,534,003567,2019-04-10,1.2194,1.2194,-0.09%,开放申购,开放赎回,,1.2115,1.2082,1.1438,1.1544,1.1438
535,535,003567,2019-04-09,1.2205,1.2205,0.02%,开放申购,开放赎回,,1.2022,1.2035,1.1936,1.1586,1.1556
536,536,003567,2019-04-08,1.2203,1.2203,-0.85%,开放申购,开放赎回,,1.1899,1.2014,1.184,1.1215,1.1749
537,537,003567,2019-04-04,1.2307,1.2307,1.08%,开放申购,开放赎回,,1.2029,1.2115,1.1914,1.1352,1.1746
538,538,003567,2019-04-03,1.2175,1.2175,0.63%,开放申购,开放赎回,,1.2012,1.2123,1.1935,1.1554,1.1485
539,539,003567,2019-04-02,1.2099,1.2099,-0.15%,开放申购,开放赎回,,1.2194,1.2115,1.2082,1.1438,1.1544
540,540,003567,2019-04-01,1.2117,1.2117,2.66%,开放申购,开放赎回,,1.2205,1.2022,1.2035,1.1936,1.1586
541,541,003567,2019-03-29,1.1803,1.1803,2.06%,开放申购,开放赎回,,1.2203,1.1899,1.2014,1.184,1.1215
542,542,003567,2019-03-28,1.1565,1.1565,0.26%,开放申购,开放赎回,,1.2307,1.2029,1.2115,1.1914,1.1352
543,543,003567,2019-03-27,1.1535,1.1535,0.65%,开放申购,开放赎回,,1.2175,1.2012,1.2123,1.1935,1.1554
544,544,003567,2019-03-26,1.146,1.146,-0.92%,开放申购,开放赎回,,1.2099,1.2194,1.2115,1.2082,1.1438
545,545,003567,2019-03-25,1.1566,1.1566,-1.03%,开放申购,开放赎回,,1.2117,1.2205,1.2022,1.2035,1.1936
546,546,003567,2019-07-18,1.195,1.195,-0.41%,开放申购,开放赎回,,1.1803,1.2203,1.1899,1.2014,1.184
547,547,003567,2019-07-17,1.1999,1.1999,-0.24%,开放申购,开放赎回,,1.1565,1.2307,1.2029,1.2115,1.1914
548,548,003567,2019-07-16,1.2028,1.2028,-0.52%,开放申购,开放赎回,,1.1535,1.2175,1.2012,1.2123,1.1935
549,549,003567,2019-07-15,1.2091,1.2091,0.31%,开放申购,开放赎回,,1.146,1.2099,1.2194,1.2115,1.2082
550,550,003567,2019-07-12,1.2054,1.2054,0.58%,开放申购,开放赎回,,1.1566,1.2117,1.2205,1.2022,1.2035
551,551,003567,2019-07-11,1.1985,1.1985,0.03%,开放申购,开放赎回,,1.195,1.1803,1.2203,1.1899,1.2014
552,552,003567,2019-07-10,1.1981,1.1981,-0.19%,开放申购,开放赎回,,1.1999,1.1565,1.2307,1.2029,1.2115
553,553,003567,2019-07-09,1.2004,1.2004,0.21%,开放申购,开放赎回,,1.2028,1.1535,1.2175,1.2012,1.2123
554,554,003567,2019-07-08,1.1979,1.1979,-1.30%,开放申购,开放赎回,,1.2091,1.146,1.2099,1.2194,1.2115
555,555,003567,2019-07-05,1.2137,1.2137,0.77%,开放申购,开放赎回,,1.2054,1.1566,1.2117,1.2205,1.2022
556,556,003567,2019-07-04,1.2044,1.2044,-0.82%,开放申购,开放赎回,,1.1985,1.195,1.1803,1.2203,1.1899
557,557,003567,2019-07-03,1.2143,1.2143,-0.82%,开放申购,开放赎回,,1.1981,1.1999,1.1565,1.2307,1.2029
558,558,003567,2019-07-02,1.2243,1.2243,0.14%,开放申购,开放赎回,,1.2004,1.2028,1.1535,1.2175,1.2012
559,559,003567,2019-07-01,1.2226,1.2226,1.77%,开放申购,开放赎回,,1.1979,1.2091,1.146,1.2099,1.2194
560,560,003567,2019-06-30,1.2012,1.2012,,开放申购,开放赎回,,1.2137,1.2054,1.1566,1.2117,1.2205
561,561,003567,2019-06-28,1.2013,1.2013,0.02%,开放申购,开放赎回,,1.2044,1.1985,1.195,1.1803,1.2203
562,562,003567,2019-06-27,1.2011,1.2011,1.15%,开放申购,开放赎回,,1.2143,1.1981,1.1999,1.1565,1.2307
563,563,003567,2019-06-26,1.1874,1.1874,0.25%,开放申购,开放赎回,,1.2243,1.2004,1.2028,1.1535,1.2175
564,564,003567,2019-06-25,1.1844,1.1844,-0.63%,开放申购,开放赎回,,1.2226,1.1979,1.2091,1.146,1.2099
565,565,003567,2019-06-24,1.1919,1.1919,0.40%,开放申购,开放赎回,,1.2012,1.2137,1.2054,1.1566,1.2117
566,566,003567,2019-06-21,1.1871,1.1871,0.39%,开放申购,开放赎回,,1.2013,1.2044,1.1985,1.195,1.1803
567,567,003567,2019-06-20,1.1825,1.1825,2.04%,开放申购,开放赎回,,1.2011,1.2143,1.1981,1.1999,1.1565
568,568,003567,2019-06-19,1.1589,1.1589,1.04%,开放申购,开放赎回,,1.1874,1.2243,1.2004,1.2028,1.1535
569,569,003567,2019-06-18,1.147,1.147,0.38%,开放申购,开放赎回,,1.1844,1.2226,1.1979,1.2091,1.146
570,570,003567,2019-06-17,1.1427,1.1427,-0.14%,开放申购,开放赎回,,1.1919,1.2012,1.2137,1.2054,1.1566
571,571,003567,2019-06-14,1.1443,1.1443,-0.48%,开放申购,开放赎回,,1.1871,1.2013,1.2044,1.1985,1.195
572,572,003567,2019-06-13,1.1498,1.1498,-0.13%,开放申购,开放赎回,,1.1825,1.2011,1.2143,1.1981,1.1999
573,573,003567,2019-06-12,1.1513,1.1513,-0.66%,开放申购,开放赎回,,1.1589,1.1874,1.2243,1.2004,1.2028
574,574,003567,2019-06-11,1.1589,1.1589,2.37%,开放申购,开放赎回,,1.147,1.1844,1.2226,1.1979,1.2091
575,575,003567,2019-06-10,1.1321,1.1321,0.72%,开放申购,开放赎回,,1.1427,1.1919,1.2012,1.2137,1.2054
576,576,003567,2019-06-06,1.124,1.124,-0.67%,开放申购,开放赎回,,1.1443,1.1871,1.2013,1.2044,1.1985
577,577,003567,2019-06-05,1.1316,1.1316,-0.13%,开放申购,开放赎回,,1.1498,1.1825,1.2011,1.2143,1.1981
578,578,003567,2019-06-04,1.1331,1.1331,-1.00%,开放申购,开放赎回,,1.1513,1.1589,1.1874,1.2243,1.2004
579,579,003567,2019-06-03,1.1446,1.1446,-0.35%,开放申购,开放赎回,,1.1589,1.147,1.1844,1.2226,1.1979
580,580,003567,2019-05-31,1.1486,1.1486,-0.52%,开放申购,开放赎回,,1.1321,1.1427,1.1919,1.2012,1.2137
581,581,003567,2019-05-30,1.1546,1.1546,0.13%,开放申购,开放赎回,,1.124,1.1443,1.1871,1.2013,1.2044
582,582,003567,2019-05-29,1.1531,1.1531,0.07%,开放申购,开放赎回,,1.1316,1.1498,1.1825,1.2011,1.2143
583,583,003567,2019-05-28,1.1523,1.1523,0.75%,开放申购,开放赎回,,1.1331,1.1513,1.1589,1.1874,1.2243
584,584,003567,2019-05-27,1.1437,1.1437,1.54%,开放申购,开放赎回,,1.1446,1.1589,1.147,1.1844,1.2226
585,585,003567,2019-05-24,1.1264,1.1264,-0.61%,开放申购,开放赎回,,1.1486,1.1321,1.1427,1.1919,1.2012
586,586,003567,2019-09-12,1.2538,1.2538,0.38%,开放申购,开放赎回,,1.1546,1.124,1.1443,1.1871,1.2013
587,587,003567,2019-09-11,1.249,1.249,-0.15%,开放申购,开放赎回,,1.1531,1.1316,1.1498,1.1825,1.2011
588,588,003567,2019-09-10,1.2509,1.2509,-0.43%,开放申购,开放赎回,,1.1523,1.1331,1.1513,1.1589,1.1874
589,589,003567,2019-09-09,1.2563,1.2563,0.52%,开放申购,开放赎回,,1.1437,1.1446,1.1589,1.147,1.1844
590,590,003567,2019-09-06,1.2498,1.2498,-0.37%,开放申购,开放赎回,,1.1264,1.1486,1.1321,1.1427,1.1919
591,591,003567,2019-09-05,1.2545,1.2545,0.21%,开放申购,开放赎回,,1.2538,1.1546,1.124,1.1443,1.1871
592,592,003567,2019-09-04,1.2519,1.2519,0.17%,开放申购,开放赎回,,1.249,1.1531,1.1316,1.1498,1.1825
593,593,003567,2019-09-03,1.2498,1.2498,0.79%,开放申购,开放赎回,,1.2509,1.1523,1.1331,1.1513,1.1589
594,594,003567,2019-09-02,1.24,1.24,0.75%,开放申购,开放赎回,,1.2563,1.1437,1.1446,1.1589,1.147
595,595,003567,2019-08-30,1.2308,1.2308,0.06%,开放申购,开放赎回,,1.2498,1.1264,1.1486,1.1321,1.1427
596,596,003567,2019-08-29,1.2301,1.2301,0.08%,开放申购,开放赎回,,1.2545,1.2538,1.1546,1.124,1.1443
597,597,003567,2019-08-28,1.2291,1.2291,-0.24%,开放申购,开放赎回,,1.2519,1.249,1.1531,1.1316,1.1498
598,598,003567,2019-08-27,1.2321,1.2321,0.97%,开放申购,开放赎回,,1.2498,1.2509,1.1523,1.1331,1.1513
599,599,003567,2019-08-26,1.2203,1.2203,-0.63%,开放申购,开放赎回,,1.24,1.2563,1.1437,1.1446,1.1589
600,600,003567,2019-08-23,1.228,1.228,0.75%,开放申购,开放赎回,,1.2308,1.2498,1.1264,1.1486,1.1321
601,601,003567,2019-08-22,1.2188,1.2188,-0.38%,开放申购,开放赎回,,1.2301,1.2545,1.2538,1.1546,1.124
602,602,003567,2019-08-21,1.2235,1.2235,-0.20%,开放申购,开放赎回,,1.2291,1.2519,1.249,1.1531,1.1316
603,603,003567,2019-08-20,1.2259,1.2259,-0.19%,开放申购,开放赎回,,1.2321,1.2498,1.2509,1.1523,1.1331
604,604,003567,2019-08-19,1.2282,1.2282,0.86%,开放申购,开放赎回,,1.2203,1.24,1.2563,1.1437,1.1446
605,605,003567,2019-08-16,1.2177,1.2177,0.14%,开放申购,开放赎回,,1.228,1.2308,1.2498,1.1264,1.1486
606,606,003567,2019-08-15,1.216,1.216,1.06%,开放申购,开放赎回,,1.2188,1.2301,1.2545,1.2538,1.1546
607,607,003567,2019-08-14,1.2032,1.2032,-0.07%,开放申购,开放赎回,,1.2235,1.2291,1.2519,1.249,1.1531
608,608,003567,2019-08-13,1.204,1.204,0.12%,开放申购,开放赎回,,1.2259,1.2321,1.2498,1.2509,1.1523
609,609,003567,2019-08-12,1.2025,1.2025,1.40%,开放申购,开放赎回,,1.2282,1.2203,1.24,1.2563,1.1437
610,610,003567,2019-08-09,1.1859,1.1859,-0.39%,开放申购,开放赎回,,1.2177,1.228,1.2308,1.2498,1.1264
611,611,003567,2019-08-08,1.1906,1.1906,0.60%,开放申购,开放赎回,,1.216,1.2188,1.2301,1.2545,1.2538
612,612,003567,2019-08-07,1.1835,1.1835,-0.16%,开放申购,开放赎回,,1.2032,1.2235,1.2291,1.2519,1.249
613,613,003567,2019-08-06,1.1854,1.1854,-0.29%,开放申购,开放赎回,,1.204,1.2259,1.2321,1.2498,1.2509
614,614,003567,2019-08-05,1.1889,1.1889,-0.60%,开放申购,开放赎回,,1.2025,1.2282,1.2203,1.24,1.2563
615,615,003567,2019-08-02,1.1961,1.1961,-0.47%,开放申购,开放赎回,,1.1859,1.2177,1.228,1.2308,1.2498
616,616,003567,2019-08-01,1.2017,1.2017,-0.54%,开放申购,开放赎回,,1.1906,1.216,1.2188,1.2301,1.2545
617,617,003567,2019-07-31,1.2082,1.2082,-0.52%,开放申购,开放赎回,,1.1835,1.2032,1.2235,1.2291,1.2519
618,618,003567,2019-07-30,1.2145,1.2145,0.12%,开放申购,开放赎回,,1.1854,1.204,1.2259,1.2321,1.2498
619,619,003567,2019-07-29,1.213,1.213,-0.11%,开放申购,开放赎回,,1.1889,1.2025,1.2282,1.2203,1.24
620,620,003567,2019-07-26,1.2143,1.2143,0.12%,开放申购,开放赎回,,1.1961,1.1859,1.2177,1.228,1.2308
621,621,003567,2019-07-25,1.2129,1.2129,0.56%,开放申购,开放赎回,,1.2017,1.1906,1.216,1.2188,1.2301
622,622,003567,2019-07-24,1.2062,1.2062,0.56%,开放申购,开放赎回,,1.2082,1.1835,1.2032,1.2235,1.2291
623,623,003567,2019-07-23,1.1995,1.1995,-0.07%,开放申购,开放赎回,,1.2145,1.1854,1.204,1.2259,1.2321
624,624,003567,2019-07-22,1.2003,1.2003,-0.46%,开放申购,开放赎回,,1.213,1.1889,1.2025,1.2282,1.2203
625,625,003567,2019-07-19,1.2058,1.2058,0.90%,开放申购,开放赎回,,1.2143,1.1961,1.1859,1.2177,1.228
626,626,003567,2019-11-15,1.2292,1.2292,-0.51%,开放申购,开放赎回,,1.2129,1.2017,1.1906,1.216,1.2188
627,627,003567,2019-11-14,1.2355,1.2355,-0.08%,开放申购,开放赎回,,1.2062,1.2082,1.1835,1.2032,1.2235
628,628,003567,2019-11-13,1.2365,1.2365,0.10%,开放申购,开放赎回,,1.1995,1.2145,1.1854,1.204,1.2259
629,629,003567,2019-11-12,1.2353,1.2353,0.04%,开放申购,开放赎回,,1.2003,1.213,1.1889,1.2025,1.2282
630,630,003567,2019-11-11,1.2348,1.2348,-1.18%,开放申购,开放赎回,,1.2058,1.2143,1.1961,1.1859,1.2177
631,631,003567,2019-11-08,1.2495,1.2495,-0.57%,开放申购,开放赎回,,1.2292,1.2129,1.2017,1.1906,1.216
632,632,003567,2019-11-07,1.2566,1.2566,0.02%,开放申购,开放赎回,,1.2355,1.2062,1.2082,1.1835,1.2032
633,633,003567,2019-11-06,1.2564,1.2564,-0.40%,开放申购,开放赎回,,1.2365,1.1995,1.2145,1.1854,1.204
634,634,003567,2019-11-05,1.2615,1.2615,0.60%,开放申购,开放赎回,,1.2353,1.2003,1.213,1.1889,1.2025
635,635,003567,2019-11-04,1.254,1.254,0.23%,开放申购,开放赎回,,1.2348,1.2058,1.2143,1.1961,1.1859
636,636,003567,2019-11-01,1.2511,1.2511,1.30%,开放申购,开放赎回,,1.2495,1.2292,1.2129,1.2017,1.1906
637,637,003567,2019-10-31,1.2351,1.2351,-0.54%,开放申购,开放赎回,,1.2566,1.2355,1.2062,1.2082,1.1835
638,638,003567,2019-10-30,1.2418,1.2418,-0.25%,开放申购,开放赎回,,1.2564,1.2365,1.1995,1.2145,1.1854
639,639,003567,2019-10-29,1.2449,1.2449,-0.07%,开放申购,开放赎回,,1.2615,1.2353,1.2003,1.213,1.1889
640,640,003567,2019-10-28,1.2458,1.2458,0.15%,开放申购,开放赎回,,1.254,1.2348,1.2058,1.2143,1.1961
641,641,003567,2019-10-25,1.2439,1.2439,0.68%,开放申购,开放赎回,,1.2511,1.2495,1.2292,1.2129,1.2017
642,642,003567,2019-10-24,1.2355,1.2355,-0.09%,开放申购,开放赎回,,1.2351,1.2566,1.2355,1.2062,1.2082
643,643,003567,2019-10-23,1.2366,1.2366,-0.87%,开放申购,开放赎回,,1.2418,1.2564,1.2365,1.1995,1.2145
644,644,003567,2019-10-22,1.2475,1.2475,0.19%,开放申购,开放赎回,,1.2449,1.2615,1.2353,1.2003,1.213
645,645,003567,2019-10-21,1.2451,1.2451,0.38%,开放申购,开放赎回,,1.2458,1.254,1.2348,1.2058,1.2143
646,646,003567,2019-10-18,1.2404,1.2404,-0.82%,开放申购,开放赎回,,1.2439,1.2511,1.2495,1.2292,1.2129
647,647,003567,2019-10-17,1.2507,1.2507,0.18%,开放申购,开放赎回,,1.2355,1.2351,1.2566,1.2355,1.2062
648,648,003567,2019-10-16,1.2484,1.2484,-0.53%,开放申购,开放赎回,,1.2366,1.2418,1.2564,1.2365,1.1995
649,649,003567,2019-10-15,1.255,1.255,0.00%,开放申购,开放赎回,,1.2475,1.2449,1.2615,1.2353,1.2003
650,650,003567,2019-10-14,1.255,1.255,0.54%,开放申购,开放赎回,,1.2451,1.2458,1.254,1.2348,1.2058
651,651,003567,2019-10-11,1.2482,1.2482,0.35%,开放申购,开放赎回,,1.2404,1.2439,1.2511,1.2495,1.2292
652,652,003567,2019-10-10,1.2438,1.2438,1.08%,开放申购,开放赎回,,1.2507,1.2355,1.2351,1.2566,1.2355
653,653,003567,2019-10-09,1.2305,1.2305,-0.02%,开放申购,开放赎回,,1.2484,1.2366,1.2418,1.2564,1.2365
654,654,003567,2019-10-08,1.2307,1.2307,0.50%,开放申购,开放赎回,,1.255,1.2475,1.2449,1.2615,1.2353
655,655,003567,2019-09-30,1.2246,1.2246,-0.53%,开放申购,开放赎回,,1.255,1.2451,1.2458,1.254,1.2348
656,656,003567,2019-09-27,1.2311,1.2311,0.01%,开放申购,开放赎回,,1.2482,1.2404,1.2439,1.2511,1.2495
657,657,003567,2019-09-26,1.231,1.231,-0.90%,开放申购,开放赎回,,1.2438,1.2507,1.2355,1.2351,1.2566
658,658,003567,2019-09-25,1.2422,1.2422,-0.22%,开放申购,开放赎回,,1.2305,1.2484,1.2366,1.2418,1.2564
659,659,003567,2019-09-24,1.2449,1.2449,0.44%,开放申购,开放赎回,,1.2307,1.255,1.2475,1.2449,1.2615
660,660,003567,2019-09-23,1.2395,1.2395,-0.68%,开放申购,开放赎回,,1.2246,1.255,1.2451,1.2458,1.254
661,661,003567,2019-09-20,1.248,1.248,0.39%,开放申购,开放赎回,,1.2311,1.2482,1.2404,1.2439,1.2511
662,662,003567,2019-09-19,1.2431,1.2431,0.02%,开放申购,开放赎回,,1.231,1.2438,1.2507,1.2355,1.2351
663,663,003567,2019-09-18,1.2428,1.2428,0.43%,开放申购,开放赎回,,1.2422,1.2305,1.2484,1.2366,1.2418
664,664,003567,2019-09-17,1.2375,1.2375,-0.90%,开放申购,开放赎回,,1.2449,1.2307,1.255,1.2475,1.2449
665,665,003567,2019-09-16,1.2488,1.2488,-0.40%,开放申购,开放赎回,,1.2395,1.2246,1.255,1.2451,1.2458
666,666,003567,2020-01-13,1.3213,1.3213,0.82%,开放申购,开放赎回,,1.248,1.2311,1.2482,1.2404,1.2439
667,667,003567,2020-01-10,1.3106,1.3106,-0.32%,开放申购,开放赎回,,1.2431,1.231,1.2438,1.2507,1.2355
668,668,003567,2020-01-09,1.3148,1.3148,0.64%,开放申购,开放赎回,,1.2428,1.2422,1.2305,1.2484,1.2366
669,669,003567,2020-01-08,1.3064,1.3064,-0.30%,开放申购,开放赎回,,1.2375,1.2449,1.2307,1.255,1.2475
670,670,003567,2020-01-07,1.3103,1.3103,0.45%,开放申购,开放赎回,,1.2488,1.2395,1.2246,1.255,1.2451
671,671,003567,2020-01-06,1.3044,1.3044,0.77%,开放申购,开放赎回,,1.3213,1.248,1.2311,1.2482,1.2404
672,672,003567,2020-01-03,1.2944,1.2944,0.59%,开放申购,开放赎回,,1.3106,1.2431,1.231,1.2438,1.2507
673,673,003567,2020-01-02,1.2868,1.2868,1.39%,开放申购,开放赎回,,1.3148,1.2428,1.2422,1.2305,1.2484
674,674,003567,2019-12-31,1.2692,1.2692,0.18%,开放申购,开放赎回,,1.3064,1.2375,1.2449,1.2307,1.255
675,675,003567,2019-12-30,1.2669,1.2669,0.88%,开放申购,开放赎回,,1.3103,1.2488,1.2395,1.2246,1.255
676,676,003567,2019-12-27,1.2559,1.2559,-0.26%,开放申购,开放赎回,,1.3044,1.3213,1.248,1.2311,1.2482
677,677,003567,2019-12-26,1.2592,1.2592,0.52%,开放申购,开放赎回,,1.2944,1.3106,1.2431,1.231,1.2438
678,678,003567,2019-12-25,1.2527,1.2527,-0.02%,开放申购,开放赎回,,1.2868,1.3148,1.2428,1.2422,1.2305
679,679,003567,2019-12-24,1.2529,1.2529,0.98%,开放申购,开放赎回,,1.2692,1.3064,1.2375,1.2449,1.2307
680,680,003567,2019-12-23,1.2408,1.2408,-1.04%,开放申购,开放赎回,,1.2669,1.3103,1.2488,1.2395,1.2246
681,681,003567,2019-12-20,1.2538,1.2538,-0.38%,开放申购,开放赎回,,1.2559,1.3044,1.3213,1.248,1.2311
682,682,003567,2019-12-19,1.2586,1.2586,-0.34%,开放申购,开放赎回,,1.2592,1.2944,1.3106,1.2431,1.231
683,683,003567,2019-12-18,1.2629,1.2629,-0.31%,开放申购,开放赎回,,1.2527,1.2868,1.3148,1.2428,1.2422
684,684,003567,2019-12-17,1.2668,1.2668,0.74%,开放申购,开放赎回,,1.2529,1.2692,1.3064,1.2375,1.2449
685,685,003567,2019-12-16,1.2575,1.2575,0.48%,开放申购,开放赎回,,1.2408,1.2669,1.3103,1.2488,1.2395
686,686,003567,2019-12-13,1.2515,1.2515,1.43%,开放申购,开放赎回,,1.2538,1.2559,1.3044,1.3213,1.248
687,687,003567,2019-12-12,1.2338,1.2338,-0.23%,开放申购,开放赎回,,1.2586,1.2592,1.2944,1.3106,1.2431
688,688,003567,2019-12-11,1.2367,1.2367,-0.40%,开放申购,开放赎回,,1.2629,1.2527,1.2868,1.3148,1.2428
689,689,003567,2019-12-10,1.2417,1.2417,0.61%,开放申购,开放赎回,,1.2668,1.2529,1.2692,1.3064,1.2375
690,690,003567,2019-12-09,1.2342,1.2342,-0.76%,开放申购,开放赎回,,1.2575,1.2408,1.2669,1.3103,1.2488
691,691,003567,2019-12-06,1.2437,1.2437,0.80%,开放申购,开放赎回,,1.2515,1.2538,1.2559,1.3044,1.3213
692,692,003567,2019-12-05,1.2338,1.2338,0.98%,开放申购,开放赎回,,1.2338,1.2586,1.2592,1.2944,1.3106
693,693,003567,2019-12-04,1.2218,1.2218,0.00%,开放申购,开放赎回,,1.2367,1.2629,1.2527,1.2868,1.3148
694,694,003567,2019-12-03,1.2218,1.2218,0.19%,开放申购,开放赎回,,1.2417,1.2668,1.2529,1.2692,1.3064
695,695,003567,2019-12-02,1.2195,1.2195,0.23%,开放申购,开放赎回,,1.2342,1.2575,1.2408,1.2669,1.3103
696,696,003567,2019-11-29,1.2167,1.2167,-0.59%,开放申购,开放赎回,,1.2437,1.2515,1.2538,1.2559,1.3044
697,697,003567,2019-11-28,1.2239,1.2239,-0.34%,开放申购,开放赎回,,1.2338,1.2338,1.2586,1.2592,1.2944
698,698,003567,2019-11-27,1.2281,1.2281,-0.07%,开放申购,开放赎回,,1.2218,1.2367,1.2629,1.2527,1.2868
699,699,003567,2019-11-26,1.229,1.229,0.70%,开放申购,开放赎回,,1.2218,1.2417,1.2668,1.2529,1.2692
700,700,003567,2019-11-25,1.2205,1.2205,0.30%,开放申购,开放赎回,,1.2195,1.2342,1.2575,1.2408,1.2669
701,701,003567,2019-11-22,1.2169,1.2169,-0.87%,开放申购,开放赎回,,1.2167,1.2437,1.2515,1.2538,1.2559
702,702,003567,2019-11-21,1.2276,1.2276,-0.59%,开放申购,开放赎回,,1.2239,1.2338,1.2338,1.2586,1.2592
703,703,003567,2019-11-20,1.2349,1.2349,-0.76%,开放申购,开放赎回,,1.2281,1.2218,1.2367,1.2629,1.2527
704,704,003567,2019-11-19,1.2443,1.2443,0.66%,开放申购,开放赎回,,1.229,1.2218,1.2417,1.2668,1.2529
705,705,003567,2019-11-18,1.2362,1.2362,0.57%,开放申购,开放赎回,,1.2205,1.2195,1.2342,1.2575,1.2408
706,706,003567,2020-03-17,1.2614,1.2614,-0.85%,开放申购,开放赎回,,1.2169,1.2167,1.2437,1.2515,1.2538
707,707,003567,2020-03-16,1.2722,1.2722,-3.39%,开放申购,开放赎回,,1.2276,1.2239,1.2338,1.2338,1.2586
708,708,003567,2020-03-13,1.3169,1.3169,-0.84%,开放申购,开放赎回,,1.2349,1.2281,1.2218,1.2367,1.2629
709,709,003567,2020-03-12,1.328,1.328,-1.33%,开放申购,开放赎回,,1.2443,1.229,1.2218,1.2417,1.2668
710,710,003567,2020-03-11,1.3459,1.3459,-1.09%,开放申购,开放赎回,,1.2362,1.2205,1.2195,1.2342,1.2575
711,711,003567,2020-03-10,1.3607,1.3607,1.65%,开放申购,开放赎回,,1.2614,1.2169,1.2167,1.2437,1.2515
712,712,003567,2020-03-09,1.3386,1.3386,-2.26%,开放申购,开放赎回,,1.2722,1.2276,1.2239,1.2338,1.2338
713,713,003567,2020-03-06,1.3696,1.3696,-0.80%,开放申购,开放赎回,,1.3169,1.2349,1.2281,1.2218,1.2367
714,714,003567,2020-03-05,1.3806,1.3806,1.75%,开放申购,开放赎回,,1.328,1.2443,1.229,1.2218,1.2417
715,715,003567,2020-03-04,1.3569,1.3569,-0.01%,开放申购,开放赎回,,1.3459,1.2362,1.2205,1.2195,1.2342
716,716,003567,2020-03-03,1.3571,1.3571,0.87%,开放申购,开放赎回,,1.3607,1.2614,1.2169,1.2167,1.2437
717,717,003567,2020-03-02,1.3454,1.3454,1.68%,开放申购,开放赎回,,1.3386,1.2722,1.2276,1.2239,1.2338
718,718,003567,2020-02-28,1.3232,1.3232,-1.91%,开放申购,开放赎回,,1.3696,1.3169,1.2349,1.2281,1.2218
719,719,003567,2020-02-27,1.3489,1.3489,0.39%,开放申购,开放赎回,,1.3806,1.328,1.2443,1.229,1.2218
720,720,003567,2020-02-26,1.3437,1.3437,-2.91%,开放申购,开放赎回,,1.3569,1.3459,1.2362,1.2205,1.2195
721,721,003567,2020-02-25,1.384,1.384,1.01%,开放申购,开放赎回,,1.3571,1.3607,1.2614,1.2169,1.2167
722,722,003567,2020-02-24,1.3701,1.3701,0.26%,开放申购,开放赎回,,1.3454,1.3386,1.2722,1.2276,1.2239
723,723,003567,2020-02-21,1.3666,1.3666,0.67%,开放申购,开放赎回,,1.3232,1.3696,1.3169,1.2349,1.2281
724,724,003567,2020-02-20,1.3575,1.3575,1.52%,开放申购,开放赎回,,1.3489,1.3806,1.328,1.2443,1.229
725,725,003567,2020-02-19,1.3372,1.3372,-0.48%,开放申购,开放赎回,,1.3437,1.3569,1.3459,1.2362,1.2205
726,726,003567,2020-02-18,1.3436,1.3436,0.32%,开放申购,开放赎回,,1.384,1.3571,1.3607,1.2614,1.2169
727,727,003567,2020-02-17,1.3393,1.3393,2.07%,开放申购,开放赎回,,1.3701,1.3454,1.3386,1.2722,1.2276
728,728,003567,2020-02-14,1.3121,1.3121,-0.10%,开放申购,开放赎回,,1.3666,1.3232,1.3696,1.3169,1.2349
729,729,003567,2020-02-13,1.3134,1.3134,-0.73%,开放申购,开放赎回,,1.3575,1.3489,1.3806,1.328,1.2443
730,730,003567,2020-02-12,1.3231,1.3231,0.81%,开放申购,开放赎回,,1.3372,1.3437,1.3569,1.3459,1.2362
731,731,003567,2020-02-11,1.3125,1.3125,0.36%,开放申购,开放赎回,,1.3436,1.384,1.3571,1.3607,1.2614
732,732,003567,2020-02-10,1.3078,1.3078,1.00%,开放申购,开放赎回,,1.3393,1.3701,1.3454,1.3386,1.2722
733,733,003567,2020-02-07,1.2948,1.2948,0.31%,开放申购,开放赎回,,1.3121,1.3666,1.3232,1.3696,1.3169
734,734,003567,2020-02-06,1.2908,1.2908,2.14%,开放申购,开放赎回,,1.3134,1.3575,1.3489,1.3806,1.328
735,735,003567,2020-02-05,1.2637,1.2637,1.20%,开放申购,开放赎回,,1.3231,1.3372,1.3437,1.3569,1.3459
736,736,003567,2020-02-04,1.2487,1.2487,3.20%,开放申购,开放赎回,,1.3125,1.3436,1.384,1.3571,1.3607
737,737,003567,2020-02-03,1.21,1.21,-5.24%,开放申购,开放赎回,,1.3078,1.3393,1.3701,1.3454,1.3386
738,738,003567,2020-01-23,1.2769,1.2769,-2.93%,开放申购,开放赎回,,1.2948,1.3121,1.3666,1.3232,1.3696
739,739,003567,2020-01-22,1.3154,1.3154,0.65%,开放申购,开放赎回,,1.2908,1.3134,1.3575,1.3489,1.3806
740,740,003567,2020-01-21,1.3069,1.3069,-1.16%,开放申购,开放赎回,,1.2637,1.3231,1.3372,1.3437,1.3569
741,741,003567,2020-01-20,1.3222,1.3222,0.06%,开放申购,开放赎回,,1.2487,1.3125,1.3436,1.384,1.3571
742,742,003567,2020-01-17,1.3214,1.3214,0.40%,开放申购,开放赎回,,1.21,1.3078,1.3393,1.3701,1.3454
743,743,003567,2020-01-16,1.3161,1.3161,-0.02%,开放申购,开放赎回,,1.2769,1.2948,1.3121,1.3666,1.3232
744,744,003567,2020-01-15,1.3163,1.3163,0.09%,开放申购,开放赎回,,1.3154,1.2908,1.3134,1.3575,1.3489
745,745,003567,2020-01-14,1.3151,1.3151,-0.47%,开放申购,开放赎回,,1.3069,1.2637,1.3231,1.3372,1.3437
746,746,003567,2020-05-18,1.4154,1.4154,-0.79%,开放申购,开放赎回,,1.3222,1.2487,1.3125,1.3436,1.384
747,747,003567,2020-05-15,1.4266,1.4266,0.57%,开放申购,开放赎回,,1.3214,1.21,1.3078,1.3393,1.3701
748,748,003567,2020-05-14,1.4185,1.4185,-1.08%,开放申购,开放赎回,,1.3161,1.2769,1.2948,1.3121,1.3666
749,749,003567,2020-05-13,1.434,1.434,1.03%,开放申购,开放赎回,,1.3163,1.3154,1.2908,1.3134,1.3575
750,750,003567,2020-05-12,1.4194,1.4194,0.93%,开放申购,开放赎回,,1.3151,1.3069,1.2637,1.3231,1.3372
751,751,003567,2020-05-11,1.4063,1.4063,-0.85%,开放申购,开放赎回,,1.4154,1.3222,1.2487,1.3125,1.3436
752,752,003567,2020-05-08,1.4183,1.4183,0.55%,开放申购,开放赎回,,1.4266,1.3214,1.21,1.3078,1.3393
753,753,003567,2020-05-07,1.4106,1.4106,0.48%,开放申购,开放赎回,,1.4185,1.3161,1.2769,1.2948,1.3121
754,754,003567,2020-05-06,1.4039,1.4039,1.17%,开放申购,开放赎回,,1.434,1.3163,1.3154,1.2908,1.3134
755,755,003567,2020-04-30,1.3876,1.3876,0.25%,开放申购,开放赎回,,1.4194,1.3151,1.3069,1.2637,1.3231
756,756,003567,2020-04-29,1.3841,1.3841,-0.73%,开放申购,开放赎回,,1.4063,1.4154,1.3222,1.2487,1.3125
757,757,003567,2020-04-28,1.3943,1.3943,1.11%,开放申购,开放赎回,,1.4183,1.4266,1.3214,1.21,1.3078
758,758,003567,2020-04-27,1.379,1.379,0.95%,开放申购,开放赎回,,1.4106,1.4185,1.3161,1.2769,1.2948
759,759,003567,2020-04-24,1.366,1.366,-0.69%,开放申购,开放赎回,,1.4039,1.434,1.3163,1.3154,1.2908
760,760,003567,2020-04-23,1.3755,1.3755,0.20%,开放申购,开放赎回,,1.3876,1.4194,1.3151,1.3069,1.2637
761,761,003567,2020-04-22,1.3728,1.3728,1.00%,开放申购,开放赎回,,1.3841,1.4063,1.4154,1.3222,1.2487
762,762,003567,2020-04-21,1.3592,1.3592,-0.41%,开放申购,开放赎回,,1.3943,1.4183,1.4266,1.3214,1.21
763,763,003567,2020-04-20,1.3648,1.3648,1.08%,开放申购,开放赎回,,1.379,1.4106,1.4185,1.3161,1.2769
764,764,003567,2020-04-17,1.3502,1.3502,0.45%,开放申购,开放赎回,,1.366,1.4039,1.434,1.3163,1.3154
765,765,003567,2020-04-16,1.3441,1.3441,0.41%,开放申购,开放赎回,,1.3755,1.3876,1.4194,1.3151,1.3069
766,766,003567,2020-04-15,1.3386,1.3386,-0.73%,开放申购,开放赎回,,1.3728,1.3841,1.4063,1.4154,1.3222
767,767,003567,2020-04-14,1.3484,1.3484,1.62%,开放申购,开放赎回,,1.3592,1.3943,1.4183,1.4266,1.3214
768,768,003567,2020-04-13,1.3269,1.3269,0.14%,开放申购,开放赎回,,1.3648,1.379,1.4106,1.4185,1.3161
769,769,003567,2020-04-10,1.325,1.325,-1.26%,开放申购,开放赎回,,1.3502,1.366,1.4039,1.434,1.3163
770,770,003567,2020-04-09,1.3419,1.3419,1.33%,开放申购,开放赎回,,1.3441,1.3755,1.3876,1.4194,1.3151
771,771,003567,2020-04-08,1.3243,1.3243,-0.33%,开放申购,开放赎回,,1.3386,1.3728,1.3841,1.4063,1.4154
772,772,003567,2020-04-07,1.3287,1.3287,2.54%,开放申购,开放赎回,,1.3484,1.3592,1.3943,1.4183,1.4266
773,773,003567,2020-04-03,1.2958,1.2958,-0.45%,开放申购,开放赎回,,1.3269,1.3648,1.379,1.4106,1.4185
774,774,003567,2020-04-02,1.3017,1.3017,1.41%,开放申购,开放赎回,,1.325,1.3502,1.366,1.4039,1.434
775,775,003567,2020-04-01,1.2836,1.2836,-1.02%,开放申购,开放赎回,,1.3419,1.3441,1.3755,1.3876,1.4194
776,776,003567,2020-03-31,1.2968,1.2968,1.27%,开放申购,开放赎回,,1.3243,1.3386,1.3728,1.3841,1.4063
777,777,003567,2020-03-30,1.2806,1.2806,-0.49%,开放申购,开放赎回,,1.3287,1.3484,1.3592,1.3943,1.4183
778,778,003567,2020-03-27,1.2869,1.2869,0.70%,开放申购,开放赎回,,1.2958,1.3269,1.3648,1.379,1.4106
779,779,003567,2020-03-26,1.278,1.278,-0.34%,开放申购,开放赎回,,1.3017,1.325,1.3502,1.366,1.4039
780,780,003567,2020-03-25,1.2824,1.2824,2.31%,开放申购,开放赎回,,1.2836,1.3419,1.3441,1.3755,1.3876
781,781,003567,2020-03-24,1.2535,1.2535,2.85%,开放申购,开放赎回,,1.2968,1.3243,1.3386,1.3728,1.3841
782,782,003567,2020-03-23,1.2188,1.2188,-3.29%,开放申购,开放赎回,,1.2806,1.3287,1.3484,1.3592,1.3943
783,783,003567,2020-03-20,1.2602,1.2602,2.20%,开放申购,开放赎回,,1.2869,1.2958,1.3269,1.3648,1.379
784,784,003567,2020-03-19,1.2331,1.2331,-0.58%,开放申购,开放赎回,,1.278,1.3017,1.325,1.3502,1.366
785,785,003567,2020-03-18,1.2403,1.2403,-1.67%,开放申购,开放赎回,,1.2824,1.2836,1.3419,1.3441,1.3755
786,786,003567,2020-07-15,1.7875,1.7875,-4.32%,开放申购,开放赎回,,1.2535,1.2968,1.3243,1.3386,1.3728
787,787,003567,2020-07-14,1.8682,1.8682,-1.23%,开放申购,开放赎回,,1.2188,1.2806,1.3287,1.3484,1.3592
788,788,003567,2020-07-13,1.8914,1.8914,3.74%,开放申购,开放赎回,,1.2602,1.2869,1.2958,1.3269,1.3648
789,789,003567,2020-07-10,1.8232,1.8232,0.28%,开放申购,开放赎回,,1.2331,1.278,1.3017,1.325,1.3502
790,790,003567,2020-07-09,1.8181,1.8181,2.63%,开放申购,开放赎回,,1.2403,1.2824,1.2836,1.3419,1.3441
791,791,003567,2020-07-08,1.7715,1.7715,2.33%,开放申购,开放赎回,,1.7875,1.2535,1.2968,1.3243,1.3386
792,792,003567,2020-07-07,1.7312,1.7312,2.72%,开放申购,开放赎回,,1.8682,1.2188,1.2806,1.3287,1.3484
793,793,003567,2020-07-06,1.6854,1.6854,3.82%,开放申购,开放赎回,,1.8914,1.2602,1.2869,1.2958,1.3269
794,794,003567,2020-07-03,1.6234,1.6234,0.46%,开放申购,开放赎回,,1.8232,1.2331,1.278,1.3017,1.325
795,795,003567,2020-07-02,1.616,1.616,0.28%,开放申购,开放赎回,,1.8181,1.2403,1.2824,1.2836,1.3419
796,796,003567,2020-07-01,1.6115,1.6115,0.53%,开放申购,开放赎回,,1.7715,1.7875,1.2535,1.2968,1.3243
797,797,003567,2020-06-30,1.603,1.603,1.64%,开放申购,开放赎回,,1.7312,1.8682,1.2188,1.2806,1.3287
798,798,003567,2020-06-29,1.5772,1.5772,0.01%,开放申购,开放赎回,,1.6854,1.8914,1.2602,1.2869,1.2958
799,799,003567,2020-06-24,1.577,1.577,-0.27%,开放申购,开放赎回,,1.6234,1.8232,1.2331,1.278,1.3017
800,800,003567,2020-06-23,1.5812,1.5812,0.37%,开放申购,开放赎回,,1.616,1.8181,1.2403,1.2824,1.2836
801,801,003567,2020-06-22,1.5754,1.5754,0.81%,开放申购,开放赎回,,1.6115,1.7715,1.7875,1.2535,1.2968
802,802,003567,2020-06-19,1.5627,1.5627,1.39%,开放申购,开放赎回,,1.603,1.7312,1.8682,1.2188,1.2806
803,803,003567,2020-06-18,1.5413,1.5413,0.39%,开放申购,开放赎回,,1.5772,1.6854,1.8914,1.2602,1.2869
804,804,003567,2020-06-17,1.5353,1.5353,0.07%,开放申购,开放赎回,,1.577,1.6234,1.8232,1.2331,1.278
805,805,003567,2020-06-16,1.5343,1.5343,2.11%,开放申购,开放赎回,,1.5812,1.616,1.8181,1.2403,1.2824
806,806,003567,2020-06-15,1.5026,1.5026,0.35%,开放申购,开放赎回,,1.5754,1.6115,1.7715,1.7875,1.2535
807,807,003567,2020-06-12,1.4973,1.4973,0.36%,开放申购,开放赎回,,1.5627,1.603,1.7312,1.8682,1.2188
808,808,003567,2020-06-11,1.4919,1.4919,0.24%,开放申购,开放赎回,,1.5413,1.5772,1.6854,1.8914,1.2602
809,809,003567,2020-06-10,1.4884,1.4884,0.30%,开放申购,开放赎回,,1.5353,1.577,1.6234,1.8232,1.2331
810,810,003567,2020-06-09,1.4839,1.4839,0.93%,开放申购,开放赎回,,1.5343,1.5812,1.616,1.8181,1.2403
811,811,003567,2020-06-08,1.4702,1.4702,0.10%,开放申购,开放赎回,,1.5026,1.5754,1.6115,1.7715,1.7875
812,812,003567,2020-06-05,1.4688,1.4688,0.29%,开放申购,开放赎回,,1.4973,1.5627,1.603,1.7312,1.8682
813,813,003567,2020-06-04,1.4646,1.4646,0.45%,开放申购,开放赎回,,1.4919,1.5413,1.5772,1.6854,1.8914
814,814,003567,2020-06-03,1.458,1.458,0.59%,开放申购,开放赎回,,1.4884,1.5353,1.577,1.6234,1.8232
815,815,003567,2020-06-02,1.4495,1.4495,0.94%,开放申购,开放赎回,,1.4839,1.5343,1.5812,1.616,1.8181
816,816,003567,2020-06-01,1.436,1.436,3.47%,开放申购,开放赎回,,1.4702,1.5026,1.5754,1.6115,1.7715
817,817,003567,2020-05-29,1.3878,1.3878,0.78%,开放申购,开放赎回,,1.4688,1.4973,1.5627,1.603,1.7312
818,818,003567,2020-05-28,1.3771,1.3771,-0.48%,开放申购,开放赎回,,1.4646,1.4919,1.5413,1.5772,1.6854
819,819,003567,2020-05-27,1.3837,1.3837,-0.50%,开放申购,开放赎回,,1.458,1.4884,1.5353,1.577,1.6234
820,820,003567,2020-05-26,1.3906,1.3906,2.11%,开放申购,开放赎回,,1.4495,1.4839,1.5343,1.5812,1.616
821,821,003567,2020-05-25,1.3619,1.3619,-0.01%,开放申购,开放赎回,,1.436,1.4702,1.5026,1.5754,1.6115
822,822,003567,2020-05-22,1.362,1.362,-2.14%,开放申购,开放赎回,,1.3878,1.4688,1.4973,1.5627,1.603
823,823,003567,2020-05-21,1.3918,1.3918,-2.10%,开放申购,开放赎回,,1.3771,1.4646,1.4919,1.5413,1.5772
824,824,003567,2020-05-20,1.4216,1.4216,-0.66%,开放申购,开放赎回,,1.3837,1.458,1.4884,1.5353,1.577
825,825,003567,2020-05-19,1.4311,1.4311,1.11%,开放申购,开放赎回,,1.3906,1.4495,1.4839,1.5343,1.5812
826,826,003567,2020-09-09,1.7351,1.7351,-3.74%,开放申购,开放赎回,,1.3619,1.436,1.4702,1.5026,1.5754
827,827,003567,2020-09-08,1.8026,1.8026,1.24%,开放申购,开放赎回,,1.362,1.3878,1.4688,1.4973,1.5627
828,828,003567,2020-09-07,1.7805,1.7805,-1.59%,开放申购,开放赎回,,1.3918,1.3771,1.4646,1.4919,1.5413
829,829,003567,2020-09-04,1.8092,1.8092,0.08%,开放申购,开放赎回,,1.4216,1.3837,1.458,1.4884,1.5353
830,830,003567,2020-09-03,1.8077,1.8077,-1.12%,开放申购,开放赎回,,1.4311,1.3906,1.4495,1.4839,1.5343
831,831,003567,2020-09-02,1.8282,1.8282,0.91%,开放申购,开放赎回,,1.7351,1.3619,1.436,1.4702,1.5026
832,832,003567,2020-09-01,1.8118,1.8118,1.35%,开放申购,开放赎回,,1.8026,1.362,1.3878,1.4688,1.4973
833,833,003567,2020-08-31,1.7877,1.7877,1.23%,开放申购,开放赎回,,1.7805,1.3918,1.3771,1.4646,1.4919
834,834,003567,2020-08-28,1.7659,1.7659,1.04%,开放申购,开放赎回,,1.8092,1.4216,1.3837,1.458,1.4884
835,835,003567,2020-08-27,1.7477,1.7477,0.48%,开放申购,开放赎回,,1.8077,1.4311,1.3906,1.4495,1.4839
836,836,003567,2020-08-26,1.7394,1.7394,-3.82%,开放申购,开放赎回,,1.8282,1.7351,1.3619,1.436,1.4702
837,837,003567,2020-08-25,1.8084,1.8084,-0.07%,开放申购,开放赎回,,1.8118,1.8026,1.362,1.3878,1.4688
838,838,003567,2020-08-24,1.8097,1.8097,0.07%,开放申购,开放赎回,,1.7877,1.7805,1.3918,1.3771,1.4646
839,839,003567,2020-08-21,1.8085,1.8085,2.13%,开放申购,开放赎回,,1.7659,1.8092,1.4216,1.3837,1.458
840,840,003567,2020-08-20,1.7707,1.7707,-0.79%,开放申购,开放赎回,,1.7477,1.8077,1.4311,1.3906,1.4495
841,841,003567,2020-08-19,1.7848,1.7848,-3.16%,开放申购,开放赎回,,1.7394,1.8282,1.7351,1.3619,1.436
842,842,003567,2020-08-18,1.8431,1.8431,0.69%,开放申购,开放赎回,,1.8084,1.8118,1.8026,1.362,1.3878
843,843,003567,2020-08-17,1.8305,1.8305,1.28%,开放申购,开放赎回,,1.8097,1.7877,1.7805,1.3918,1.3771
844,844,003567,2020-08-14,1.8074,1.8074,-0.02%,开放申购,开放赎回,,1.8085,1.7659,1.8092,1.4216,1.3837
845,845,003567,2020-08-13,1.8078,1.8078,1.05%,开放申购,开放赎回,,1.7707,1.7477,1.8077,1.4311,1.3906
846,846,003567,2020-08-12,1.789,1.789,-1.30%,开放申购,开放赎回,,1.7848,1.7394,1.8282,1.7351,1.3619
847,847,003567,2020-08-11,1.8125,1.8125,-0.95%,开放申购,开放赎回,,1.8431,1.8084,1.8118,1.8026,1.362
848,848,003567,2020-08-10,1.8299,1.8299,-1.28%,开放申购,开放赎回,,1.8305,1.8097,1.7877,1.7805,1.3918
849,849,003567,2020-08-07,1.8536,1.8536,-1.64%,开放申购,开放赎回,,1.8074,1.8085,1.7659,1.8092,1.4216
850,850,003567,2020-08-06,1.8845,1.8845,-1.24%,开放申购,开放赎回,,1.8078,1.7707,1.7477,1.8077,1.4311
851,851,003567,2020-08-05,1.9081,1.9081,2.39%,开放申购,开放赎回,,1.789,1.7848,1.7394,1.8282,1.7351
852,852,003567,2020-08-04,1.8635,1.8635,-0.75%,开放申购,开放赎回,,1.8125,1.8431,1.8084,1.8118,1.8026
853,853,003567,2020-08-03,1.8775,1.8775,4.13%,开放申购,开放赎回,,1.8299,1.8305,1.8097,1.7877,1.7805
854,854,003567,2020-07-31,1.803,1.803,1.56%,开放申购,开放赎回,,1.8536,1.8074,1.8085,1.7659,1.8092
855,855,003567,2020-07-30,1.7753,1.7753,0.53%,开放申购,开放赎回,,1.8845,1.8078,1.7707,1.7477,1.8077
856,856,003567,2020-07-29,1.766,1.766,3.24%,开放申购,开放赎回,,1.9081,1.789,1.7848,1.7394,1.8282
857,857,003567,2020-07-28,1.7106,1.7106,1.01%,开放申购,开放赎回,,1.8635,1.8125,1.8431,1.8084,1.8118
858,858,003567,2020-07-27,1.6935,1.6935,-0.49%,开放申购,开放赎回,,1.8775,1.8299,1.8305,1.8097,1.7877
859,859,003567,2020-07-24,1.7018,1.7018,-4.69%,开放申购,开放赎回,,1.803,1.8536,1.8074,1.8085,1.7659
860,860,003567,2020-07-23,1.7855,1.7855,0.96%,开放申购,开放赎回,,1.7753,1.8845,1.8078,1.7707,1.7477
861,861,003567,2020-07-22,1.7686,1.7686,0.03%,开放申购,开放赎回,,1.766,1.9081,1.789,1.7848,1.7394
862,862,003567,2020-07-21,1.768,1.768,-0.13%,开放申购,开放赎回,,1.7106,1.8635,1.8125,1.8431,1.8084
863,863,003567,2020-07-20,1.7703,1.7703,3.47%,开放申购,开放赎回,,1.6935,1.8775,1.8299,1.8305,1.8097
864,864,003567,2020-07-17,1.711,1.711,0.36%,开放申购,开放赎回,,1.7018,1.803,1.8536,1.8074,1.8085
865,865,003567,2020-07-16,1.7048,1.7048,-4.63%,开放申购,开放赎回,,1.7855,1.7753,1.8845,1.8078,1.7707
866,866,003567,2020-11-12,1.8735,1.8735,1.05%,开放申购,开放赎回,,1.7686,1.766,1.9081,1.789,1.7848
867,867,003567,2020-11-11,1.854,1.854,-1.68%,开放申购,开放赎回,,1.768,1.7106,1.8635,1.8125,1.8431
868,868,003567,2020-11-10,1.8857,1.8857,-1.04%,开放申购,开放赎回,,1.7703,1.6935,1.8775,1.8299,1.8305
869,869,003567,2020-11-09,1.9056,1.9056,2.50%,开放申购,开放赎回,,1.711,1.7018,1.803,1.8536,1.8074
870,870,003567,2020-11-06,1.8591,1.8591,-1.34%,开放申购,开放赎回,,1.7048,1.7855,1.7753,1.8845,1.8078
871,871,003567,2020-11-05,1.8843,1.8843,1.90%,开放申购,开放赎回,,1.8735,1.7686,1.766,1.9081,1.789
872,872,003567,2020-11-04,1.8492,1.8492,-0.05%,开放申购,开放赎回,,1.854,1.768,1.7106,1.8635,1.8125
873,873,003567,2020-11-03,1.8501,1.8501,1.83%,开放申购,开放赎回,,1.8857,1.7703,1.6935,1.8775,1.8299
874,874,003567,2020-11-02,1.8168,1.8168,1.93%,开放申购,开放赎回,,1.9056,1.711,1.7018,1.803,1.8536
875,875,003567,2020-10-30,1.7824,1.7824,-2.22%,开放申购,开放赎回,,1.8591,1.7048,1.7855,1.7753,1.8845
876,876,003567,2020-10-29,1.8229,1.8229,-0.74%,开放申购,开放赎回,,1.8843,1.8735,1.7686,1.766,1.9081
877,877,003567,2020-10-28,1.8365,1.8365,1.04%,开放申购,开放赎回,,1.8492,1.854,1.768,1.7106,1.8635
878,878,003567,2020-10-27,1.8176,1.8176,0.70%,开放申购,开放赎回,,1.8501,1.8857,1.7703,1.6935,1.8775
879,879,003567,2020-10-26,1.805,1.805,1.26%,开放申购,开放赎回,,1.8168,1.9056,1.711,1.7018,1.803
880,880,003567,2020-10-23,1.7826,1.7826,-2.21%,开放申购,开放赎回,,1.7824,1.8591,1.7048,1.7855,1.7753
881,881,003567,2020-10-22,1.8229,1.8229,0.31%,开放申购,开放赎回,,1.8229,1.8843,1.8735,1.7686,1.766
882,882,003567,2020-10-21,1.8173,1.8173,-2.41%,开放申购,开放赎回,,1.8365,1.8492,1.854,1.768,1.7106
883,883,003567,2020-10-20,1.8621,1.8621,1.28%,开放申购,开放赎回,,1.8176,1.8501,1.8857,1.7703,1.6935
884,884,003567,2020-10-19,1.8385,1.8385,-1.73%,开放申购,开放赎回,,1.805,1.8168,1.9056,1.711,1.7018
885,885,003567,2020-10-16,1.8708,1.8708,-0.84%,开放申购,开放赎回,,1.7826,1.7824,1.8591,1.7048,1.7855
886,886,003567,2020-10-15,1.8866,1.8866,-1.17%,开放申购,开放赎回,,1.8229,1.8229,1.8843,1.8735,1.7686
887,887,003567,2020-10-14,1.909,1.909,-0.93%,开放申购,开放赎回,,1.8173,1.8365,1.8492,1.854,1.768
888,888,003567,2020-10-13,1.9269,1.9269,1.42%,开放申购,开放赎回,,1.8621,1.8176,1.8501,1.8857,1.7703
889,889,003567,2020-10-12,1.9,1.9,3.13%,开放申购,开放赎回,,1.8385,1.805,1.8168,1.9056,1.711
890,890,003567,2020-10-09,1.8424,1.8424,4.31%,开放申购,开放赎回,,1.8708,1.7826,1.7824,1.8591,1.7048
891,891,003567,2020-09-30,1.7663,1.7663,0.73%,开放申购,开放赎回,,1.8866,1.8229,1.8229,1.8843,1.8735
892,892,003567,2020-09-29,1.7535,1.7535,1.84%,开放申购,开放赎回,,1.909,1.8173,1.8365,1.8492,1.854
893,893,003567,2020-09-28,1.7219,1.7219,-1.50%,开放申购,开放赎回,,1.9269,1.8621,1.8176,1.8501,1.8857
894,894,003567,2020-09-25,1.7481,1.7481,-0.01%,开放申购,开放赎回,,1.9,1.8385,1.805,1.8168,1.9056
895,895,003567,2020-09-24,1.7482,1.7482,-2.41%,开放申购,开放赎回,,1.8424,1.8708,1.7826,1.7824,1.8591
896,896,003567,2020-09-23,1.7914,1.7914,0.70%,开放申购,开放赎回,,1.7663,1.8866,1.8229,1.8229,1.8843
897,897,003567,2020-09-22,1.7789,1.7789,-1.86%,开放申购,开放赎回,,1.7535,1.909,1.8173,1.8365,1.8492
898,898,003567,2020-09-21,1.8126,1.8126,0.02%,开放申购,开放赎回,,1.7219,1.9269,1.8621,1.8176,1.8501
899,899,003567,2020-09-18,1.8122,1.8122,1.12%,开放申购,开放赎回,,1.7481,1.9,1.8385,1.805,1.8168
900,900,003567,2020-09-17,1.7922,1.7922,-0.26%,开放申购,开放赎回,,1.7482,1.8424,1.8708,1.7826,1.7824
901,901,003567,2020-09-16,1.7968,1.7968,-0.73%,开放申购,开放赎回,,1.7914,1.7663,1.8866,1.8229,1.8229
902,902,003567,2020-09-15,1.8101,1.8101,1.06%,开放申购,开放赎回,,1.7789,1.7535,1.909,1.8173,1.8365
903,903,003567,2020-09-14,1.7911,1.7911,2.33%,开放申购,开放赎回,,1.8126,1.7219,1.9269,1.8621,1.8176
904,904,003567,2020-09-11,1.7504,1.7504,3.51%,开放申购,开放赎回,,1.8122,1.7481,1.9,1.8385,1.805
905,905,003567,2020-09-10,1.6911,1.6911,-2.54%,开放申购,开放赎回,,1.7922,1.7482,1.8424,1.8708,1.7826
906,906,003567,2021-01-08,2.2187,2.2187,-0.04%,开放申购,开放赎回,,1.7968,1.7914,1.7663,1.8866,1.8229
907,907,003567,2021-01-07,2.2195,2.2195,-0.49%,开放申购,开放赎回,,1.8101,1.7789,1.7535,1.909,1.8173
908,908,003567,2021-01-06,2.2305,2.2305,-1.89%,开放申购,开放赎回,,1.7911,1.8126,1.7219,1.9269,1.8621
909,909,003567,2021-01-05,2.2735,2.2735,-0.43%,开放申购,开放赎回,,1.7504,1.8122,1.7481,1.9,1.8385
910,910,003567,2021-01-04,2.2833,2.2833,3.77%,开放申购,开放赎回,,1.6911,1.7922,1.7482,1.8424,1.8708
911,911,003567,2020-12-31,2.2003,2.2003,1.46%,开放申购,开放赎回,,2.2187,1.7968,1.7914,1.7663,1.8866
912,912,003567,2020-12-30,2.1686,2.1686,1.76%,开放申购,开放赎回,,2.2195,1.8101,1.7789,1.7535,1.909
913,913,003567,2020-12-29,2.1311,2.1311,-3.14%,开放申购,开放赎回,,2.2305,1.7911,1.8126,1.7219,1.9269
914,914,003567,2020-12-28,2.2001,2.2001,-0.24%,开放申购,开放赎回,,2.2735,1.7504,1.8122,1.7481,1.9
915,915,003567,2020-12-25,2.2053,2.2053,2.59%,开放申购,开放赎回,,2.2833,1.6911,1.7922,1.7482,1.8424
916,916,003567,2020-12-24,2.1497,2.1497,-1.15%,开放申购,开放赎回,,2.2003,2.2187,1.7968,1.7914,1.7663
917,917,003567,2020-12-23,2.1748,2.1748,3.44%,开放申购,开放赎回,,2.1686,2.2195,1.8101,1.7789,1.7535
918,918,003567,2020-12-22,2.1025,2.1025,-1.83%,开放申购,开放赎回,,2.1311,2.2305,1.7911,1.8126,1.7219
919,919,003567,2020-12-21,2.1417,2.1417,4.15%,开放申购,开放赎回,,2.2001,2.2735,1.7504,1.8122,1.7481
920,920,003567,2020-12-18,2.0563,2.0563,0.77%,开放申购,开放赎回,,2.2053,2.2833,1.6911,1.7922,1.7482
921,921,003567,2020-12-17,2.0405,2.0405,1.76%,开放申购,开放赎回,,2.1497,2.2003,2.2187,1.7968,1.7914
922,922,003567,2020-12-16,2.0053,2.0053,0.92%,开放申购,开放赎回,,2.1748,2.1686,2.2195,1.8101,1.7789
923,923,003567,2020-12-15,1.9871,1.9871,1.71%,开放申购,开放赎回,,2.1025,2.1311,2.2305,1.7911,1.8126
924,924,003567,2020-12-14,1.9536,1.9536,1.58%,开放申购,开放赎回,,2.1417,2.2001,2.2735,1.7504,1.8122
925,925,003567,2020-12-11,1.9233,1.9233,-1.17%,开放申购,开放赎回,,2.0563,2.2053,2.2833,1.6911,1.7922
926,926,003567,2020-12-10,1.9461,1.9461,1.59%,开放申购,开放赎回,,2.0405,2.1497,2.2003,2.2187,1.7968
927,927,003567,2020-12-09,1.9157,1.9157,-1.43%,开放申购,开放赎回,,2.0053,2.1748,2.1686,2.2195,1.8101
928,928,003567,2020-12-08,1.9435,1.9435,0.94%,开放申购,开放赎回,,1.9871,2.1025,2.1311,2.2305,1.7911
929,929,003567,2020-12-07,1.9254,1.9254,2.18%,开放申购,开放赎回,,1.9536,2.1417,2.2001,2.2735,1.7504
930,930,003567,2020-12-04,1.8843,1.8843,1.89%,开放申购,开放赎回,,1.9233,2.0563,2.2053,2.2833,1.6911
931,931,003567,2020-12-03,1.8493,1.8493,-0.41%,开放申购,开放赎回,,1.9461,2.0405,2.1497,2.2003,2.2187
932,932,003567,2020-12-02,1.857,1.857,-0.12%,开放申购,开放赎回,,1.9157,2.0053,2.1748,2.1686,2.2195
933,933,003567,2020-12-01,1.8592,1.8592,1.53%,开放申购,开放赎回,,1.9435,1.9871,2.1025,2.1311,2.2305
934,934,003567,2020-11-30,1.8312,1.8312,0.31%,开放申购,开放赎回,,1.9254,1.9536,2.1417,2.2001,2.2735
935,935,003567,2020-11-27,1.8255,1.8255,-0.32%,开放申购,开放赎回,,1.8843,1.9233,2.0563,2.2053,2.2833
936,936,003567,2020-11-26,1.8314,1.8314,-1.41%,开放申购,开放赎回,,1.8493,1.9461,2.0405,2.1497,2.2003
937,937,003567,2020-11-25,1.8576,1.8576,-1.69%,开放申购,开放赎回,,1.857,1.9157,2.0053,2.1748,2.1686
938,938,003567,2020-11-24,1.8895,1.8895,0.04%,开放申购,开放赎回,,1.8592,1.9435,1.9871,2.1025,2.1311
939,939,003567,2020-11-23,1.8888,1.8888,0.68%,开放申购,开放赎回,,1.8312,1.9254,1.9536,2.1417,2.2001
940,940,003567,2020-11-20,1.8761,1.8761,1.81%,开放申购,开放赎回,,1.8255,1.8843,1.9233,2.0563,2.2053
941,941,003567,2020-11-19,1.8427,1.8427,1.09%,开放申购,开放赎回,,1.8314,1.8493,1.9461,2.0405,2.1497
942,942,003567,2020-11-18,1.8228,1.8228,-0.33%,开放申购,开放赎回,,1.8576,1.857,1.9157,2.0053,2.1748
943,943,003567,2020-11-17,1.8289,1.8289,-2.09%,开放申购,开放赎回,,1.8895,1.8592,1.9435,1.9871,2.1025
944,944,003567,2020-11-16,1.8679,1.8679,0.17%,开放申购,开放赎回,,1.8888,1.8312,1.9254,1.9536,2.1417
945,945,003567,2020-11-13,1.8647,1.8647,-0.47%,开放申购,开放赎回,,1.8761,1.8255,1.8843,1.9233,2.0563
946,946,003567,2021-03-12,2.0808,2.0808,0.16%,开放申购,开放赎回,,1.8427,1.8314,1.8493,1.9461,2.0405
947,947,003567,2021-03-11,2.0774,2.0774,1.41%,开放申购,开放赎回,,1.8228,1.8576,1.857,1.9157,2.0053
948,948,003567,2021-03-10,2.0485,2.0485,-0.19%,开放申购,开放赎回,,1.8289,1.8895,1.8592,1.9435,1.9871
949,949,003567,2021-03-09,2.0523,2.0523,-0.92%,开放申购,开放赎回,,1.8679,1.8888,1.8312,1.9254,1.9536
950,950,003567,2021-03-08,2.0713,2.0713,-1.95%,开放申购,开放赎回,,1.8647,1.8761,1.8255,1.8843,1.9233
951,951,003567,2021-03-05,2.1126,2.1126,0.15%,开放申购,开放赎回,,2.0808,1.8427,1.8314,1.8493,1.9461
952,952,003567,2021-03-04,2.1095,2.1095,-2.81%,开放申购,开放赎回,,2.0774,1.8228,1.8576,1.857,1.9157
953,953,003567,2021-03-03,2.1706,2.1706,1.41%,开放申购,开放赎回,,2.0485,1.8289,1.8895,1.8592,1.9435
954,954,003567,2021-03-02,2.1404,2.1404,0.49%,开放申购,开放赎回,,2.0523,1.8679,1.8888,1.8312,1.9254
955,955,003567,2021-03-01,2.1299,2.1299,3.24%,开放申购,开放赎回,,2.0713,1.8647,1.8761,1.8255,1.8843
956,956,003567,2021-02-26,2.063,2.063,-0.38%,开放申购,开放赎回,,2.1126,2.0808,1.8427,1.8314,1.8493
957,957,003567,2021-02-25,2.0708,2.0708,-0.99%,开放申购,开放赎回,,2.1095,2.0774,1.8228,1.8576,1.857
958,958,003567,2021-02-24,2.0916,2.0916,-1.73%,开放申购,开放赎回,,2.1706,2.0485,1.8289,1.8895,1.8592
959,959,003567,2021-02-23,2.1284,2.1284,-0.33%,开放申购,开放赎回,,2.1404,2.0523,1.8679,1.8888,1.8312
960,960,003567,2021-02-22,2.1354,2.1354,0.02%,开放申购,开放赎回,,2.1299,2.0713,1.8647,1.8761,1.8255
961,961,003567,2021-02-19,2.135,2.135,1.04%,开放申购,开放赎回,,2.063,2.1126,2.0808,1.8427,1.8314
962,962,003567,2021-02-18,2.1131,2.1131,0.81%,开放申购,开放赎回,,2.0708,2.1095,2.0774,1.8228,1.8576
963,963,003567,2021-02-10,2.0961,2.0961,0.09%,开放申购,开放赎回,,2.0916,2.1706,2.0485,1.8289,1.8895
964,964,003567,2021-02-09,2.0943,2.0943,2.41%,开放申购,开放赎回,,2.1284,2.1404,2.0523,1.8679,1.8888
965,965,003567,2021-02-08,2.0451,2.0451,0.68%,开放申购,开放赎回,,2.1354,2.1299,2.0713,1.8647,1.8761
966,966,003567,2021-02-05,2.0313,2.0313,-3.28%,开放申购,开放赎回,,2.135,2.063,2.1126,2.0808,1.8427
967,967,003567,2021-02-04,2.1002,2.1002,-2.97%,开放申购,开放赎回,,2.1131,2.0708,2.1095,2.0774,1.8228
968,968,003567,2021-02-03,2.1644,2.1644,-1.57%,开放申购,开放赎回,,2.0961,2.0916,2.1706,2.0485,1.8289
969,969,003567,2021-02-02,2.199,2.199,0.67%,开放申购,开放赎回,,2.0943,2.1284,2.1404,2.0523,1.8679
970,970,003567,2021-02-01,2.1843,2.1843,1.32%,开放申购,开放赎回,,2.0451,2.1354,2.1299,2.0713,1.8647
971,971,003567,2021-01-29,2.1559,2.1559,-1.39%,开放申购,开放赎回,,2.0313,2.135,2.063,2.1126,2.0808
972,972,003567,2021-01-28,2.1864,2.1864,-2.42%,开放申购,开放赎回,,2.1002,2.1131,2.0708,2.1095,2.0774
973,973,003567,2021-01-27,2.2407,2.2407,1.09%,开放申购,开放赎回,,2.1644,2.0961,2.0916,2.1706,2.0485
974,974,003567,2021-01-26,2.2165,2.2165,-1.93%,开放申购,开放赎回,,2.199,2.0943,2.1284,2.1404,2.0523
975,975,003567,2021-01-25,2.2602,2.2602,0.41%,开放申购,开放赎回,,2.1843,2.0451,2.1354,2.1299,2.0713
976,976,003567,2021-01-22,2.2509,2.2509,1.37%,开放申购,开放赎回,,2.1559,2.0313,2.135,2.063,2.1126
977,977,003567,2021-01-21,2.2204,2.2204,2.28%,开放申购,开放赎回,,2.1864,2.1002,2.1131,2.0708,2.1095
978,978,003567,2021-01-20,2.1709,2.1709,2.42%,开放申购,开放赎回,,2.2407,2.1644,2.0961,2.0916,2.1706
979,979,003567,2021-01-19,2.1196,2.1196,-1.03%,开放申购,开放赎回,,2.2165,2.199,2.0943,2.1284,2.1404
980,980,003567,2021-01-18,2.1417,2.1417,2.17%,开放申购,开放赎回,,2.2602,2.1843,2.0451,2.1354,2.1299
981,981,003567,2021-01-15,2.0962,2.0962,1.76%,开放申购,开放赎回,,2.2509,2.1559,2.0313,2.135,2.063
982,982,003567,2021-01-14,2.06,2.06,-1.25%,开放申购,开放赎回,,2.2204,2.1864,2.1002,2.1131,2.0708
983,983,003567,2021-01-13,2.086,2.086,-2.91%,开放申购,开放赎回,,2.1709,2.2407,2.1644,2.0961,2.0916
984,984,003567,2021-01-12,2.1486,2.1486,0.65%,开放申购,开放赎回,,2.1196,2.2165,2.199,2.0943,2.1284
985,985,003567,2021-01-11,2.1347,2.1347,-3.79%,开放申购,开放赎回,,2.1417,2.2602,2.1843,2.0451,2.1354
986,986,003567,2021-05-13,2.2209,2.2209,0.10%,开放申购,开放赎回,,2.0962,2.2509,2.1559,2.0313,2.135
987,987,003567,2021-05-12,2.2186,2.2186,1.24%,开放申购,开放赎回,,2.06,2.2204,2.1864,2.1002,2.1131
988,988,003567,2021-05-11,2.1914,2.1914,-0.66%,开放申购,开放赎回,,2.086,2.1709,2.2407,2.1644,2.0961
989,989,003567,2021-05-10,2.206,2.206,0.07%,开放申购,开放赎回,,2.1486,2.1196,2.2165,2.199,2.0943
990,990,003567,2021-05-07,2.2045,2.2045,-2.35%,开放申购,开放赎回,,2.1347,2.1417,2.2602,2.1843,2.0451
991,991,003567,2021-05-06,2.2576,2.2576,-0.04%,开放申购,开放赎回,,2.2209,2.0962,2.2509,2.1559,2.0313
992,992,003567,2021-04-30,2.2585,2.2585,-0.57%,开放申购,开放赎回,,2.2186,2.06,2.2204,2.1864,2.1002
993,993,003567,2021-04-29,2.2715,2.2715,0.02%,开放申购,开放赎回,,2.1914,2.086,2.1709,2.2407,2.1644
994,994,003567,2021-04-28,2.2711,2.2711,1.22%,开放申购,开放赎回,,2.206,2.1486,2.1196,2.2165,2.199
995,995,003567,2021-04-27,2.2437,2.2437,-0.47%,开放申购,开放赎回,,2.2045,2.1347,2.1417,2.2602,2.1843
996,996,003567,2021-04-26,2.2543,2.2543,0.41%,开放申购,开放赎回,,2.2576,2.2209,2.0962,2.2509,2.1559
997,997,003567,2021-04-23,2.245,2.245,1.04%,开放申购,开放赎回,,2.2585,2.2186,2.06,2.2204,2.1864
998,998,003567,2021-04-22,2.2219,2.2219,0.96%,开放申购,开放赎回,,2.2715,2.1914,2.086,2.1709,2.2407
999,999,003567,2021-04-21,2.2008,2.2008,0.28%,开放申购,开放赎回,,2.2711,2.206,2.1486,2.1196,2.2165
1000,1000,003567,2021-04-20,2.1947,2.1947,-0.09%,开放申购,开放赎回,,2.2437,2.2045,2.1347,2.1417,2.2602
1001,1001,003567,2021-04-19,2.1966,2.1966,2.98%,开放申购,开放赎回,,2.2543,2.2576,2.2209,2.0962,2.2509
1002,1002,003567,2021-04-16,2.133,2.133,1.74%,开放申购,开放赎回,,2.245,2.2585,2.2186,2.06,2.2204
1003,1003,003567,2021-04-15,2.0966,2.0966,0.22%,开放申购,开放赎回,,2.2219,2.2715,2.1914,2.086,2.1709
1004,1004,003567,2021-04-14,2.092,2.092,2.41%,开放申购,开放赎回,,2.2008,2.2711,2.206,2.1486,2.1196
1005,1005,003567,2021-04-13,2.0428,2.0428,-0.12%,开放申购,开放赎回,,2.1947,2.2437,2.2045,2.1347,2.1417
1006,1006,003567,2021-04-12,2.0453,2.0453,-2.00%,开放申购,开放赎回,,2.1966,2.2543,2.2576,2.2209,2.0962
1007,1007,003567,2021-04-09,2.0871,2.0871,0.35%,开放申购,开放赎回,,2.133,2.245,2.2585,2.2186,2.06
1008,1008,003567,2021-04-08,2.0798,2.0798,-0.05%,开放申购,开放赎回,,2.0966,2.2219,2.2715,2.1914,2.086
1009,1009,003567,2021-04-07,2.0809,2.0809,0.29%,开放申购,开放赎回,,2.092,2.2008,2.2711,2.206,2.1486
1010,1010,003567,2021-04-06,2.0748,2.0748,1.56%,开放申购,开放赎回,,2.0428,2.1947,2.2437,2.2045,2.1347
1011,1011,003567,2021-04-02,2.043,2.043,-0.19%,开放申购,开放赎回,,2.0453,2.1966,2.2543,2.2576,2.2209
1012,1012,003567,2021-04-01,2.0468,2.0468,0.38%,开放申购,开放赎回,,2.0871,2.133,2.245,2.2585,2.2186
1013,1013,003567,2021-03-31,2.039,2.039,-0.55%,开放申购,开放赎回,,2.0798,2.0966,2.2219,2.2715,2.1914
1014,1014,003567,2021-03-30,2.0502,2.0502,0.19%,开放申购,开放赎回,,2.0809,2.092,2.2008,2.2711,2.206
1015,1015,003567,2021-03-29,2.0463,2.0463,-0.92%,开放申购,开放赎回,,2.0748,2.0428,2.1947,2.2437,2.2045
1016,1016,003567,2021-03-26,2.0654,2.0654,1.89%,开放申购,开放赎回,,2.043,2.0453,2.1966,2.2543,2.2576
1017,1017,003567,2021-03-25,2.0271,2.0271,0.70%,开放申购,开放赎回,,2.0468,2.0871,2.133,2.245,2.2585
1018,1018,003567,2021-03-24,2.013,2.013,-2.12%,开放申购,开放赎回,,2.039,2.0798,2.0966,2.2219,2.2715
1019,1019,003567,2021-03-23,2.0567,2.0567,-2.09%,开放申购,开放赎回,,2.0502,2.0809,2.092,2.2008,2.2711
1020,1020,003567,2021-03-22,2.1005,2.1005,2.05%,开放申购,开放赎回,,2.0463,2.0748,2.0428,2.1947,2.2437
1021,1021,003567,2021-03-19,2.0583,2.0583,-2.09%,开放申购,开放赎回,,2.0654,2.043,2.0453,2.1966,2.2543
1022,1022,003567,2021-03-18,2.1022,2.1022,0.11%,开放申购,开放赎回,,2.0271,2.0468,2.0871,2.133,2.245
1023,1023,003567,2021-03-17,2.0998,2.0998,2.85%,开放申购,开放赎回,,2.013,2.039,2.0798,2.0966,2.2219
1024,1024,003567,2021-03-16,2.0417,2.0417,-1.22%,开放申购,开放赎回,,2.0567,2.0502,2.0809,2.092,2.2008
1025,1025,003567,2021-03-15,2.067,2.067,-0.66%,开放申购,开放赎回,,2.1005,2.0463,2.0748,2.0428,2.1947
1026,1026,003567,2021-07-09,3.319,3.319,2.19%,开放申购,开放赎回,,2.0583,2.0654,2.043,2.0453,2.1966
1027,1027,003567,2021-07-08,3.2478,3.2478,0.27%,开放申购,开放赎回,,2.1022,2.0271,2.0468,2.0871,2.133
1028,1028,003567,2021-07-07,3.2392,3.2392,2.52%,开放申购,开放赎回,,2.0998,2.013,2.039,2.0798,2.0966
1029,1029,003567,2021-07-06,3.1597,3.1597,0.54%,开放申购,开放赎回,,2.0417,2.0567,2.0502,2.0809,2.092
1030,1030,003567,2021-07-05,3.1426,3.1426,3.38%,开放申购,开放赎回,,2.067,2.1005,2.0463,2.0748,2.0428
1031,1031,003567,2021-07-02,3.0398,3.0398,1.30%,开放申购,开放赎回,,3.319,2.0583,2.0654,2.043,2.0453
1032,1032,003567,2021-07-01,3.0009,3.0009,-2.16%,开放申购,开放赎回,,3.2478,2.1022,2.0271,2.0468,2.0871
1033,1033,003567,2021-06-30,3.0672,3.0672,2.72%,开放申购,开放赎回,,3.2392,2.0998,2.013,2.039,2.0798
1034,1034,003567,2021-06-29,2.9861,2.9861,0.81%,开放申购,开放赎回,,3.1597,2.0417,2.0567,2.0502,2.0809
1035,1035,003567,2021-06-28,2.9622,2.9622,2.26%,开放申购,开放赎回,,3.1426,2.067,2.1005,2.0463,2.0748
1036,1036,003567,2021-06-25,2.8966,2.8966,0.26%,开放申购,开放赎回,,3.0398,3.319,2.0583,2.0654,2.043
1037,1037,003567,2021-06-24,2.8892,2.8892,-0.14%,开放申购,开放赎回,,3.0009,3.2478,2.1022,2.0271,2.0468
1038,1038,003567,2021-06-23,2.8932,2.8932,3.30%,开放申购,开放赎回,,3.0672,3.2392,2.0998,2.013,2.039
1039,1039,003567,2021-06-22,2.8008,2.8008,0.37%,开放申购,开放赎回,,2.9861,3.1597,2.0417,2.0567,2.0502
1040,1040,003567,2021-06-21,2.7906,2.7906,3.08%,开放申购,开放赎回,,2.9622,3.1426,2.067,2.1005,2.0463
1041,1041,003567,2021-06-18,2.7071,2.7071,2.15%,开放申购,开放赎回,,2.8966,3.0398,3.319,2.0583,2.0654
1042,1042,003567,2021-06-17,2.6501,2.6501,1.27%,开放申购,开放赎回,,2.8892,3.0009,3.2478,2.1022,2.0271
1043,1043,003567,2021-06-16,2.6168,2.6168,-3.50%,开放申购,开放赎回,,2.8932,3.0672,3.2392,2.0998,2.013
1044,1044,003567,2021-06-15,2.7117,2.7117,0.20%,开放申购,开放赎回,,2.8008,2.9861,3.1597,2.0417,2.0567
1045,1045,003567,2021-06-11,2.7064,2.7064,-1.34%,开放申购,开放赎回,,2.7906,2.9622,3.1426,2.067,2.1005
1046,1046,003567,2021-06-10,2.7431,2.7431,2.00%,开放申购,开放赎回,,2.7071,2.8966,3.0398,3.319,2.0583
1047,1047,003567,2021-06-09,2.6893,2.6893,0.04%,开放申购,开放赎回,,2.6501,2.8892,3.0009,3.2478,2.1022
1048,1048,003567,2021-06-08,2.6881,2.6881,-0.57%,开放申购,开放赎回,,2.6168,2.8932,3.0672,3.2392,2.0998
1049,1049,003567,2021-06-07,2.7035,2.7035,1.16%,开放申购,开放赎回,,2.7117,2.8008,2.9861,3.1597,2.0417
1050,1050,003567,2021-06-04,2.6726,2.6726,3.20%,开放申购,开放赎回,,2.7064,2.7906,2.9622,3.1426,2.067
1051,1051,003567,2021-06-03,2.5897,2.5897,0.98%,开放申购,开放赎回,,2.7431,2.7071,2.8966,3.0398,3.319
1052,1052,003567,2021-06-02,2.5645,2.5645,-0.50%,开放申购,开放赎回,,2.6893,2.6501,2.8892,3.0009,3.2478
1053,1053,003567,2021-06-01,2.5773,2.5773,0.42%,开放申购,开放赎回,,2.6881,2.6168,2.8932,3.0672,3.2392
1054,1054,003567,2021-05-31,2.5664,2.5664,3.36%,开放申购,开放赎回,,2.7035,2.7117,2.8008,2.9861,3.1597
1055,1055,003567,2021-05-28,2.4829,2.4829,2.66%,开放申购,开放赎回,,2.6726,2.7064,2.7906,2.9622,3.1426
1056,1056,003567,2021-05-27,2.4186,2.4186,1.50%,开放申购,开放赎回,,2.5897,2.7431,2.7071,2.8966,3.0398
1057,1057,003567,2021-05-26,2.3828,2.3828,0.68%,开放申购,开放赎回,,2.5645,2.6893,2.6501,2.8892,3.0009
1058,1058,003567,2021-05-25,2.3668,2.3668,0.48%,开放申购,开放赎回,,2.5773,2.6881,2.6168,2.8932,3.0672
1059,1059,003567,2021-05-24,2.3554,2.3554,0.30%,开放申购,开放赎回,,2.5664,2.7035,2.7117,2.8008,2.9861
1060,1060,003567,2021-05-21,2.3484,2.3484,0.28%,开放申购,开放赎回,,2.4829,2.6726,2.7064,2.7906,2.9622
1061,1061,003567,2021-05-20,2.3418,2.3418,0.34%,开放申购,开放赎回,,2.4186,2.5897,2.7431,2.7071,2.8966
1062,1062,003567,2021-05-19,2.3339,2.3339,2.40%,开放申购,开放赎回,,2.3828,2.5645,2.6893,2.6501,2.8892
1063,1063,003567,2021-05-18,2.2791,2.2791,0.20%,开放申购,开放赎回,,2.3668,2.5773,2.6881,2.6168,2.8932
1064,1064,003567,2021-05-17,2.2745,2.2745,1.40%,开放申购,开放赎回,,2.3554,2.5664,2.7035,2.7117,2.8008
1065,1065,003567,2021-05-14,2.243,2.243,1.00%,开放申购,开放赎回,,2.3484,2.4829,2.6726,2.7064,2.7906
1066,1066,003567,2021-07-12,3.4706,3.4706,4.57%,开放申购,开放赎回,,2.3418,2.4186,2.5897,2.7431,2.7071
